Age,HourlyRate,Education,DistanceFromHome,EnvironmentSatisfaction,JobInvolvement,JobLevel,JobSatisfaction,DailyRate,MonthlyRate,MonthlyIncome,NumCompaniesWorked,PercentSalaryHike,PerformanceRating,RelationshipSatisfaction,StandardHours,StockOptionLevel,TotalWorkingYears,TrainingTimesLastYear,WorkLifeBalance,YearsAtCompany,YearsInCurrentRole,YearsSinceLastPromotion,YearsWithCurrManager,Gender_F,Gender_M,MaritalStatus_Divorced,MaritalStatus_Married,MaritalStatus_Single,Department_Human Resources,Department_Research & Development,Department_Sales,JobRole_Healthcare Representative,JobRole_Human Resources,JobRole_Laboratory Technician,JobRole_Manager,JobRole_Manufacturing Director,JobRole_Research Director,JobRole_Research Scientist,JobRole_Sales Executive,JobRole_Sales Representative,BusinessTravel_Non-Travel,BusinessTravel_Travel_Frequently,BusinessTravel_Travel_Rarely,EducationField_Human Resources,EducationField_Life Sciences,EducationField_Marketing,EducationField_Medical,EducationField_Other,EducationField_Technical Degree,OverTime_No,OverTime_Yes
47,47,4,2,2,4,4,2,1225,21086,15972,6,14,3,3,80,3,29,2,3,3,2,1,2,1,0,1,0,0,0,0,1,0,0,0,1,0,0,0,0,0,0,0,1,0,1,0,0,0,0,1,0
22,100,1,2,3,3,1,4,594,19299,2523,0,14,3,3,80,1,3,2,3,2,1,2,1,0,1,0,1,0,0,1,0,0,0,1,0,0,0,0,0,0,0,0,1,0,0,0,0,0,1,1,0
46,52,1,3,1,3,4,3,406,15596,17465,3,12,3,4,80,1,23,3,3,12,9,4,9,0,1,0,1,0,0,0,1,0,0,0,1,0,0,0,0,0,0,0,1,0,0,1,0,0,0,1,0
25,40,1,13,2,3,1,3,622,26376,2096,1,11,3,3,80,0,7,1,3,7,4,0,6,0,1,0,1,0,0,0,1,0,0,0,0,0,0,0,0,1,0,0,1,0,0,0,1,0,0,1,0
43,72,5,9,4,3,2,3,1001,19627,5679,3,13,3,2,80,1,10,3,3,8,7,4,7,0,1,1,0,0,0,1,0,0,0,1,0,0,0,0,0,0,0,1,0,0,0,0,1,0,0,0,1
28,84,4,2,1,1,1,4,1157,24737,3464,5,13,3,4,80,0,5,4,2,3,2,2,2,0,1,0,1,0,0,1,0,0,0,0,0,0,0,1,0,0,0,0,1,0,0,0,1,0,0,0,1
51,96,3,1,3,3,1,4,833,23231,2723,1,11,3,2,80,0,1,0,2,1,0,0,0,0,1,0,1,0,0,1,0,0,0,0,0,0,0,1,0,0,0,0,1,0,1,0,0,0,0,1,0
43,83,3,27,3,3,3,1,1082,11535,10820,8,11,3,3,80,1,18,1,3,8,7,0,1,1,0,0,1,0,0,1,0,0,0,0,0,1,0,0,0,0,0,1,0,0,1,0,0,0,0,1,0
40,84,2,14,4,3,2,1,118,11262,4639,1,15,3,3,80,1,5,2,3,5,4,1,2,1,0,0,1,0,0,0,1,0,0,0,0,0,0,0,1,0,0,0,1,0,1,0,0,0,0,1,0
27,98,3,10,4,2,2,4,205,7100,5769,1,11,3,4,80,0,6,3,3,6,2,4,4,1,0,0,1,0,0,0,1,0,0,0,0,0,0,0,1,0,0,0,1,0,0,1,0,0,0,0,1
36,82,4,9,3,2,1,1,1218,6986,3407,7,23,4,2,80,0,10,4,3,5,3,0,3,0,1,0,0,1,0,0,1,0,0,0,0,0,0,0,0,1,0,0,1,0,1,0,0,0,0,1,0
29,87,3,1,4,2,4,4,694,3423,16124,3,14,3,2,80,2,9,2,2,7,7,1,7,1,0,1,0,0,0,1,0,0,0,0,0,0,1,0,0,0,0,0,1,0,1,0,0,0,0,1,0
45,75,4,8,4,3,2,4,549,9278,3697,9,14,3,1,80,2,12,3,3,10,9,9,8,0,1,0,1,0,0,1,0,0,0,0,0,0,0,1,0,0,0,0,1,0,0,0,0,1,0,1,0
23,97,1,20,1,3,2,3,507,24812,2272,0,14,3,2,80,0,5,2,3,4,3,1,2,0,1,0,0,1,0,1,0,0,0,1,0,0,0,0,0,0,0,0,1,0,1,0,0,0,0,1,0
34,97,3,1,4,2,2,1,669,25755,5343,0,20,4,3,80,0,14,3,3,13,9,4,9,0,1,0,0,1,0,1,0,1,0,0,0,0,0,0,0,0,0,1,0,0,0,0,1,0,0,1,0
19,47,3,2,2,2,1,4,303,9241,1102,1,22,4,3,80,0,1,3,2,1,0,1,0,0,1,0,0,1,0,1,0,0,0,1,0,0,0,0,0,0,0,0,1,0,1,0,0,0,0,1,0
44,73,3,15,1,3,3,4,621,14075,7978,1,11,3,4,80,1,10,2,3,10,7,0,5,1,0,0,1,0,0,1,0,1,0,0,0,0,0,0,0,0,0,0,1,0,0,0,1,0,0,1,0
47,64,4,14,3,3,2,2,1169,2125,5467,8,18,3,3,80,1,16,4,4,8,7,1,7,0,1,0,1,0,0,1,0,0,0,0,0,0,0,1,0,0,1,0,0,0,0,0,0,0,1,1,0
31,100,3,7,2,4,2,4,218,12241,6929,4,11,3,2,80,1,10,3,2,8,7,7,7,0,1,0,1,0,0,0,1,0,0,0,0,0,0,0,1,0,0,0,1,0,0,0,0,0,1,1,0
46,40,3,1,3,2,3,1,638,3142,10673,2,13,3,3,80,1,21,5,2,10,9,9,5,0,1,0,1,0,0,1,0,1,0,0,0,0,0,0,0,0,0,1,0,0,0,0,1,0,0,0,1
33,60,3,9,1,3,1,4,117,6311,2781,0,13,3,2,80,1,15,5,3,14,10,4,10,0,1,0,1,0,0,1,0,0,0,0,0,0,0,1,0,0,0,0,1,0,0,0,1,0,0,1,0
38,59,4,1,1,2,2,4,702,12930,8686,4,22,4,3,80,0,12,2,4,8,3,0,7,1,0,0,0,1,0,0,1,0,0,0,0,0,0,0,1,0,0,0,1,0,1,0,0,0,0,1,0
36,62,2,5,4,3,2,2,1396,9945,5914,8,16,3,4,80,0,16,3,4,13,11,3,7,0,1,0,0,1,0,1,0,0,0,1,0,0,0,0,0,0,0,0,1,0,1,0,0,0,0,1,0
46,44,2,1,4,3,1,1,991,22957,3423,6,12,3,3,80,0,10,3,4,7,6,5,7,1,0,0,0,1,1,0,0,0,1,0,0,0,0,0,0,0,0,0,1,0,1,0,0,0,0,1,0
41,85,3,5,2,4,2,2,447,15530,6870,3,12,3,1,80,0,11,3,1,3,2,1,2,0,1,0,0,1,0,1,0,1,0,0,0,0,0,0,0,0,0,0,1,0,1,0,0,0,0,1,0
20,43,3,21,3,4,1,4,654,5050,2678,1,17,3,4,80,0,2,2,3,2,1,2,2,0,1,0,0,1,0,0,1,0,0,0,0,0,0,0,0,1,0,0,1,0,0,1,0,0,0,1,0
31,51,3,5,1,3,2,3,1003,20943,8346,1,19,3,3,80,1,6,3,3,5,2,0,2,0,1,0,1,0,0,0,1,0,0,0,0,0,0,0,1,0,0,0,1,0,0,0,0,0,1,1,0
31,48,2,3,3,3,1,1,976,3995,3065,1,13,3,4,80,1,4,3,4,4,2,2,3,0,1,1,0,0,0,1,0,0,0,0,0,0,0,1,0,0,1,0,0,0,0,0,1,0,0,0,1
46,69,3,2,3,3,4,1,1402,24097,17048,8,23,4,1,80,0,28,2,3,26,15,15,9,1,0,0,1,0,0,0,1,0,0,0,1,0,0,0,0,0,0,0,1,0,0,1,0,0,0,1,0
53,45,4,3,3,3,4,3,1070,21016,17584,3,16,3,4,80,3,21,5,2,5,3,1,3,0,1,0,1,0,0,1,0,0,0,0,0,0,1,0,0,0,0,0,1,0,0,0,1,0,0,0,1
24,57,2,21,3,2,1,1,350,10036,2296,0,14,3,2,80,3,2,3,3,1,1,0,0,0,1,1,0,0,0,1,0,0,0,1,0,0,0,0,0,0,0,0,1,0,0,0,0,0,1,1,0
52,82,4,11,4,3,2,3,1325,21821,3149,8,20,4,2,80,1,9,3,3,5,2,1,4,1,0,0,1,0,0,1,0,0,0,1,0,0,0,0,0,0,0,0,1,0,1,0,0,0,0,1,0
36,30,2,3,4,3,1,2,1480,15062,2088,4,12,3,3,80,0,13,3,2,8,7,7,2,0,1,0,0,1,0,1,0,0,0,1,0,0,0,0,0,0,0,1,0,0,0,0,1,0,0,1,0
29,46,2,13,4,2,2,2,1378,23679,4025,4,13,3,1,80,1,10,2,3,4,3,0,3,0,1,0,1,0,0,1,0,0,0,1,0,0,0,0,0,0,0,0,1,0,0,0,0,1,0,0,1
28,79,2,17,3,3,2,1,1300,13535,4558,1,12,3,4,80,1,10,2,3,10,0,1,8,0,1,1,0,0,0,1,0,0,0,1,0,0,0,0,0,0,0,0,1,0,0,0,1,0,0,1,0
42,56,3,2,1,3,5,3,300,17312,18880,5,11,3,1,80,0,24,2,2,22,6,4,14,0,1,0,1,0,0,1,0,0,0,0,1,0,0,0,0,0,0,0,1,0,1,0,0,0,0,1,0
21,58,1,5,3,3,1,1,501,25479,2380,1,11,3,4,80,0,2,6,3,2,2,1,2,0,1,0,0,1,0,0,1,0,0,0,0,0,0,0,0,1,0,0,1,0,0,0,1,0,0,0,1
52,85,4,8,3,2,2,2,723,17747,4941,2,15,3,1,80,0,11,3,2,8,2,7,7,0,1,0,1,0,0,1,0,0,0,0,0,0,0,1,0,0,0,0,1,0,0,0,1,0,0,1,0
22,69,1,6,1,3,1,3,604,12145,2773,0,20,4,4,80,0,3,3,3,2,2,2,2,0,1,0,1,0,0,1,0,0,0,0,0,0,0,1,0,0,0,0,1,0,0,0,1,0,0,1,0
34,40,4,3,3,2,1,4,697,22478,2979,3,17,3,4,80,3,6,2,3,0,0,0,0,0,1,0,1,0,0,1,0,0,0,0,0,0,0,1,0,0,1,0,0,0,1,0,0,0,0,1,0
36,98,4,16,3,2,2,1,329,13494,5647,4,13,3,1,80,2,11,3,2,3,2,0,2,1,0,0,1,0,0,0,1,0,0,0,0,0,0,0,1,0,0,0,1,0,0,1,0,0,0,1,0
33,56,1,15,2,3,3,3,1277,24619,13610,7,12,3,4,80,0,15,2,4,7,6,7,7,0,1,0,1,0,0,1,0,0,0,0,1,0,0,0,0,0,0,0,1,0,0,0,1,0,0,0,1
22,33,2,1,4,2,2,4,1230,19146,4775,6,22,4,1,80,2,4,2,1,2,2,2,2,0,1,0,1,0,0,1,0,0,0,0,0,1,0,0,0,0,0,0,1,0,1,0,0,0,0,1,0
56,92,4,4,4,3,5,1,718,18575,19943,4,13,3,4,80,1,28,2,3,5,2,4,2,1,0,1,0,0,0,1,0,0,0,0,1,0,0,0,0,0,0,0,1,0,0,0,0,0,1,1,0
29,82,3,7,3,3,2,4,1329,4204,6623,1,11,3,2,80,2,6,2,3,6,0,1,0,0,1,1,0,0,0,1,0,1,0,0,0,0,0,0,0,0,0,0,1,0,1,0,0,0,0,0,1
36,73,4,1,2,3,2,3,884,21447,6815,6,13,3,1,80,0,15,5,3,1,0,0,0,1,0,0,0,1,0,0,1,0,0,0,0,0,0,0,1,0,0,0,1,0,1,0,0,0,0,1,0
34,39,4,13,4,3,3,3,1239,22914,8628,1,18,3,3,80,1,9,2,2,8,7,1,1,0,1,1,0,0,0,0,1,0,0,0,0,0,0,0,1,0,0,0,1,0,0,0,1,0,0,1,0
34,41,4,6,1,3,2,3,665,12482,4809,1,14,3,3,80,0,16,3,3,16,13,2,10,1,0,0,0,1,0,1,0,0,0,0,0,0,0,1,0,0,0,0,1,0,0,0,0,1,0,1,0
50,43,2,7,2,2,5,3,989,16701,18740,5,12,3,4,80,1,29,2,2,27,3,13,8,1,0,1,0,0,0,1,0,0,0,0,0,0,1,0,0,0,0,0,1,0,0,0,1,0,0,0,1
38,81,3,2,3,3,2,2,903,7653,4855,4,11,3,1,80,2,7,2,3,5,2,1,4,0,1,0,1,0,0,1,0,0,0,0,0,1,0,0,0,0,0,0,1,0,0,0,1,0,0,1,0
30,64,3,1,2,2,2,1,740,5323,9714,1,11,3,4,80,1,10,4,3,10,8,6,7,0,1,0,1,0,0,0,1,0,0,0,0,0,0,0,1,0,0,0,1,0,1,0,0,0,0,1,0
44,88,3,5,2,3,5,2,1099,8751,18213,7,11,3,3,80,1,26,5,3,22,9,3,10,0,1,0,1,0,0,0,1,0,0,0,1,0,0,0,0,0,0,0,1,0,0,1,0,0,0,1,0
48,89,5,4,3,2,4,4,365,5602,15202,2,25,4,2,80,1,23,3,3,2,2,2,2,0,1,0,1,0,0,1,0,0,0,0,1,0,0,0,0,0,0,1,0,0,0,0,1,0,0,1,0
58,75,3,9,2,2,1,2,1145,11873,3346,4,20,4,2,80,1,9,3,2,1,0,0,0,1,0,0,1,0,0,1,0,0,0,0,0,0,0,1,0,0,0,0,1,0,0,0,1,0,0,0,1
29,61,3,2,4,3,2,3,746,16928,4649,1,14,3,1,80,1,4,3,2,4,3,0,2,0,1,0,1,0,0,0,1,0,0,0,0,0,0,0,1,0,1,0,0,0,1,0,0,0,0,1,0
34,74,4,21,4,4,2,4,258,19921,5337,1,12,3,4,80,0,10,3,3,10,7,5,7,0,1,0,0,1,0,0,1,0,0,0,0,0,0,0,1,0,0,0,1,0,1,0,0,0,0,1,0
27,87,5,8,1,1,1,3,1277,5869,4621,1,19,3,4,80,3,3,4,3,3,2,1,2,0,1,0,1,0,0,1,0,0,0,1,0,0,0,0,0,0,1,0,0,0,1,0,0,0,0,1,0
42,68,2,14,3,2,2,3,462,7824,6244,7,17,3,1,80,0,10,6,3,5,4,0,3,1,0,0,0,1,0,0,1,0,0,0,0,0,0,0,1,0,0,0,1,0,0,0,1,0,0,1,0
41,75,3,22,4,3,2,4,1200,13953,5467,3,14,3,1,80,2,12,4,2,6,2,3,3,1,0,1,0,0,0,1,0,0,0,0,0,0,0,1,0,0,0,1,0,0,1,0,0,0,0,0,1
37,87,3,3,3,3,3,4,1189,14506,7428,2,12,3,1,80,0,12,3,3,5,3,1,3,0,1,0,0,1,0,0,1,0,0,0,0,0,0,0,1,0,0,0,1,0,1,0,0,0,0,1,0
25,32,1,4,4,3,1,4,1219,4605,3691,1,15,3,2,80,1,7,3,4,7,7,5,6,0,1,0,1,0,0,1,0,0,0,1,0,0,0,0,0,0,0,0,1,0,0,0,0,0,1,0,1
33,82,3,25,2,3,2,3,1146,4905,4539,1,12,3,1,80,1,10,3,2,10,7,0,1,1,0,0,1,0,0,0,1,0,0,0,0,0,0,0,1,0,0,1,0,0,0,0,1,0,0,1,0
32,87,4,6,2,3,2,3,1093,24301,5010,1,16,3,1,80,0,12,0,3,11,8,5,7,0,1,0,0,1,0,0,1,0,0,0,0,0,0,0,1,0,0,0,1,0,0,0,1,0,0,1,0
36,82,4,5,2,2,1,1,852,13072,3419,9,14,3,4,80,1,6,3,4,1,1,0,0,1,0,0,1,0,0,1,0,0,0,0,0,0,0,1,0,0,0,0,1,0,1,0,0,0,0,0,1
26,45,4,16,1,3,1,2,1449,14180,2373,2,13,3,4,80,1,5,2,3,3,2,0,2,0,1,1,0,0,0,1,0,0,0,1,0,0,0,0,0,0,0,0,1,0,0,0,1,0,0,0,1
40,80,3,15,1,2,3,3,884,25800,10435,1,13,3,4,80,2,18,2,3,18,15,14,12,1,0,0,1,0,0,1,0,0,0,0,0,1,0,0,0,0,0,0,1,0,1,0,0,0,0,1,0
39,82,3,22,4,3,3,1,945,5083,10880,1,13,3,3,80,0,21,2,3,21,6,2,8,1,0,0,0,1,0,1,0,0,0,0,0,1,0,0,0,0,0,1,0,0,0,0,1,0,0,0,1
48,35,4,1,1,4,4,4,1262,16154,16885,2,22,4,3,80,0,27,3,2,5,4,2,1,0,1,0,0,1,0,1,0,0,0,0,1,0,0,0,0,0,1,0,0,0,0,0,1,0,0,1,0
32,61,3,1,4,3,1,4,300,9148,2314,0,12,3,2,80,1,4,2,3,3,0,0,2,0,1,1,0,0,0,1,0,0,0,1,0,0,0,0,0,0,1,0,0,0,1,0,0,0,0,1,0
43,73,3,6,1,2,2,3,930,20003,4081,1,14,3,1,80,0,20,3,1,20,7,1,8,1,0,0,0,1,0,1,0,0,0,0,0,0,0,1,0,0,0,0,1,0,0,0,1,0,0,0,1
39,84,3,2,1,3,4,4,203,13547,12169,7,11,3,4,80,3,21,4,3,18,7,11,5,0,1,1,0,0,0,1,0,1,0,0,0,0,0,0,0,0,0,1,0,0,1,0,0,0,0,1,0
20,66,3,6,4,2,1,4,871,19783,2926,1,18,3,2,80,0,1,5,3,1,0,1,0,1,0,0,0,1,0,1,0,0,0,1,0,0,0,0,0,0,0,1,0,0,1,0,0,0,0,0,1
39,56,3,5,4,3,2,4,895,3335,2086,3,14,3,3,80,1,19,6,4,1,0,0,0,0,1,0,1,0,0,0,1,0,0,0,0,0,0,0,0,1,0,0,1,0,0,0,0,0,1,1,0
34,89,3,20,3,4,1,3,1320,21643,2585,0,17,3,4,80,0,2,5,2,1,0,0,0,1,0,0,1,0,0,1,0,0,0,0,0,0,0,1,0,0,0,0,1,0,0,0,0,0,1,1,0
38,75,4,2,1,4,2,1,240,26085,5980,6,12,3,4,80,0,17,2,3,15,7,4,12,1,0,0,0,1,0,1,0,0,0,0,0,1,0,0,0,0,0,1,0,0,1,0,0,0,0,0,1
28,81,4,2,2,3,2,2,760,3698,4779,1,20,4,1,80,0,8,2,3,8,7,7,5,1,0,0,1,0,0,0,1,0,0,0,0,0,0,0,1,0,0,0,1,0,0,1,0,0,0,0,1
28,32,3,17,3,2,1,4,1404,18779,2367,5,12,3,1,80,1,6,2,2,4,1,0,3,0,1,1,0,0,0,1,0,0,0,1,0,0,0,0,0,0,0,0,1,0,0,0,0,0,1,1,0
45,65,4,9,2,2,2,3,1050,17970,5593,1,13,3,4,80,1,15,2,3,15,10,4,12,1,0,0,1,0,0,0,1,0,0,0,0,0,0,0,1,0,1,0,0,0,1,0,0,0,0,1,0
26,52,3,1,3,2,2,1,1283,11148,4294,1,12,3,2,80,0,7,2,3,7,7,0,7,0,1,0,0,1,0,0,1,0,0,0,0,0,0,0,1,0,0,1,0,0,0,0,1,0,0,1,0
36,53,4,2,3,3,2,2,429,2323,5410,9,11,3,4,80,0,18,2,3,16,14,5,12,1,0,0,0,1,0,1,0,0,0,0,0,1,0,0,0,0,0,0,1,0,1,0,0,0,0,0,1
48,56,1,2,2,4,2,2,817,18597,8120,3,12,3,4,80,0,12,3,3,2,2,2,2,0,1,0,1,0,0,0,1,0,0,0,0,0,0,0,1,0,0,0,1,0,0,1,0,0,0,1,0
43,74,4,8,3,3,2,3,1473,2227,4522,4,14,3,4,80,0,8,3,3,5,2,0,2,1,0,1,0,0,0,1,0,1,0,0,0,0,0,0,0,0,0,0,1,0,0,0,0,1,0,0,1
31,86,2,10,3,3,2,4,1079,20115,6583,2,11,3,4,80,1,8,2,3,5,2,1,4,1,0,1,0,0,0,0,1,0,0,0,0,0,0,0,1,0,0,0,1,0,0,0,1,0,0,0,1
34,86,4,22,3,2,2,4,735,26496,5747,1,15,3,2,80,0,16,3,3,15,10,6,11,0,1,0,1,0,0,1,0,0,0,0,0,0,0,1,0,0,0,1,0,0,0,0,0,1,0,0,1
47,74,3,1,1,3,1,4,465,10205,3420,7,12,3,3,80,1,17,2,2,6,5,1,2,0,1,0,1,0,0,1,0,0,0,0,0,0,0,1,0,0,0,0,1,0,0,0,0,0,1,1,0
34,86,3,29,2,3,2,3,285,17491,5429,4,13,3,1,80,2,10,1,3,8,7,7,7,0,1,0,1,0,0,1,0,0,0,1,0,0,0,0,0,0,0,0,1,0,0,0,1,0,0,1,0
35,97,3,2,4,3,1,4,890,9687,2014,1,13,3,1,80,0,2,3,3,2,2,2,2,1,0,0,1,0,0,0,1,0,0,0,0,0,0,0,0,1,0,0,1,0,0,1,0,0,0,1,0
38,54,3,29,4,3,2,4,1084,4185,6261,3,18,3,1,80,1,9,3,1,7,7,1,7,0,1,0,1,0,0,1,0,0,0,0,0,1,0,0,0,0,0,0,1,0,0,0,0,0,1,1,0
23,47,2,1,4,3,1,3,373,16901,1223,1,22,4,4,80,1,1,2,3,1,0,0,1,0,1,0,1,0,0,1,0,0,0,0,0,0,0,1,0,0,0,0,1,0,1,0,0,0,0,1,0
44,43,3,24,4,3,1,3,920,19920,3161,3,22,4,4,80,1,19,0,1,1,0,0,0,0,1,1,0,0,0,1,0,0,0,1,0,0,0,0,0,0,0,1,0,0,1,0,0,0,0,0,1
29,73,4,28,4,2,1,1,468,8489,3785,1,14,3,2,80,0,5,3,1,5,4,0,4,1,0,0,0,1,0,1,0,0,0,0,0,0,0,1,0,0,0,0,1,0,0,0,1,0,0,1,0
34,64,3,1,4,2,3,3,971,12288,7083,1,14,3,4,80,0,10,3,3,10,9,8,6,0,1,0,1,0,0,0,1,0,0,0,0,0,0,0,1,0,0,0,1,0,0,0,0,0,1,0,1
36,47,4,24,2,3,2,2,1105,6927,5674,7,15,3,3,80,1,11,3,3,9,8,0,8,1,0,0,1,0,0,1,0,0,0,1,0,0,0,0,0,0,1,0,0,0,1,0,0,0,0,1,0
55,37,1,8,4,2,4,2,177,25592,13577,1,15,3,4,80,1,34,3,3,33,9,15,0,0,1,1,0,0,0,1,0,1,0,0,0,0,0,0,0,0,1,0,0,0,0,0,1,0,0,0,1
43,94,2,14,2,3,4,1,589,5200,17159,6,24,4,3,80,1,22,3,3,4,1,1,0,0,1,0,1,0,0,1,0,0,0,0,0,0,1,0,0,0,0,0,1,0,1,0,0,0,0,1,0
32,38,2,2,4,3,2,3,1316,2338,4998,4,14,3,4,80,0,10,2,3,8,7,0,7,1,0,0,0,1,0,1,0,0,0,0,0,0,0,1,0,0,0,1,0,0,1,0,0,0,0,0,1
32,79,4,10,4,3,2,4,1318,26075,4648,8,13,3,3,80,0,4,2,4,0,0,0,0,0,1,0,0,1,0,0,1,0,0,0,0,0,0,0,1,0,0,1,0,0,0,1,0,0,0,1,0
25,32,1,26,3,3,2,4,883,22807,6180,1,23,4,2,80,0,6,5,2,6,5,1,4,1,0,0,0,1,0,0,1,0,0,0,0,0,0,0,1,0,0,0,1,0,0,0,1,0,0,1,0
37,47,3,13,1,3,2,4,674,3031,4285,1,17,3,1,80,0,10,2,3,10,8,3,7,0,1,0,1,0,0,1,0,0,0,0,0,0,0,1,0,0,0,0,1,0,0,0,1,0,0,1,0
45,46,2,2,2,1,2,3,954,12388,6632,0,13,3,1,80,0,9,3,3,8,7,3,1,0,1,0,0,1,0,0,1,0,0,0,0,0,0,0,0,1,0,0,1,0,0,0,0,0,1,1,0
33,100,4,1,3,2,1,1,1198,3339,2799,3,11,3,2,80,0,6,1,3,3,2,0,2,0,1,0,0,1,0,1,0,0,0,0,0,0,0,1,0,0,0,0,1,0,0,0,0,1,0,0,1
31,62,3,4,1,4,1,3,471,16031,3978,8,12,3,2,80,1,4,0,2,2,2,2,2,1,0,1,0,0,0,1,0,0,0,1,0,0,0,0,0,0,0,0,1,0,0,0,1,0,0,1,0
26,45,2,29,1,3,2,3,775,4267,4306,5,12,3,1,80,2,8,5,3,0,0,0,0,0,1,1,0,0,0,0,1,0,0,0,0,0,0,0,1,0,0,0,1,0,0,0,1,0,0,1,0
46,98,2,26,2,2,2,2,849,25166,7991,8,15,3,3,80,0,6,3,3,2,2,2,2,0,1,0,0,1,0,0,1,0,0,0,0,0,0,0,1,0,1,0,0,0,1,0,0,0,0,1,0
29,45,1,23,4,2,3,1,408,11162,7336,1,13,3,1,80,1,11,3,1,11,8,3,10,1,0,0,1,0,0,0,1,0,0,0,0,0,0,0,1,0,0,0,1,0,1,0,0,0,0,1,0
21,96,2,15,3,3,1,4,391,19281,1232,1,14,3,4,80,0,0,6,3,0,0,0,0,0,1,0,0,1,0,1,0,0,0,0,0,0,0,1,0,0,0,0,1,0,1,0,0,0,0,1,0
52,57,1,2,1,1,5,4,266,25846,19845,1,15,3,4,80,1,33,3,3,32,14,6,9,1,0,0,1,0,0,0,1,0,0,0,1,0,0,0,0,0,0,0,1,0,0,1,0,0,0,1,0
37,83,2,1,3,2,1,1,1017,18697,3920,2,14,3,1,80,1,17,2,2,3,1,0,2,1,0,0,1,0,0,1,0,0,0,0,0,0,0,1,0,0,0,0,1,0,0,0,1,0,0,1,0
39,87,2,9,1,3,2,1,867,12315,5151,1,25,4,4,80,1,10,3,3,10,0,7,9,0,1,0,1,0,0,1,0,0,0,0,0,1,0,0,0,0,0,0,1,0,0,0,1,0,0,1,0
27,98,3,11,3,4,1,4,1291,6527,2534,8,14,3,2,80,1,5,4,3,1,0,0,0,1,0,0,1,0,0,0,1,0,0,0,0,0,0,0,0,1,0,0,1,0,0,0,1,0,0,1,0
36,68,1,14,3,3,2,4,1425,4821,6586,0,17,3,1,80,1,17,2,2,16,8,4,11,0,1,0,1,0,0,1,0,1,0,0,0,0,0,0,0,0,0,0,1,0,1,0,0,0,0,0,1
49,96,4,20,3,3,2,1,470,5549,6567,1,14,3,3,80,0,16,2,2,15,11,5,11,1,0,0,1,0,0,1,0,0,0,0,0,1,0,0,0,0,0,0,1,0,0,0,1,0,0,1,0
45,42,2,23,4,3,2,1,248,14039,3633,1,15,3,3,80,1,9,2,3,9,8,0,8,0,1,0,1,0,0,1,0,0,0,1,0,0,0,0,0,0,1,0,0,0,1,0,0,0,0,0,1
45,48,2,28,4,2,4,2,1005,17119,16704,1,11,3,3,80,0,21,2,3,21,6,8,6,1,0,0,0,1,0,1,0,0,0,0,0,0,1,0,0,0,0,0,1,0,0,0,0,0,1,1,0
34,43,4,10,4,3,1,3,878,5972,3815,1,17,3,4,80,1,5,4,4,5,3,2,0,0,1,1,0,0,0,1,0,0,0,0,0,0,0,1,0,0,0,1,0,0,0,0,1,0,0,0,1
35,44,2,16,4,2,2,2,219,25388,4788,0,11,3,4,80,0,4,2,3,3,2,0,2,1,0,0,1,0,0,1,0,0,0,0,0,1,0,0,0,0,0,0,1,0,0,0,0,1,0,0,1
33,99,3,2,2,3,1,3,147,8429,3600,1,13,3,4,80,1,5,2,3,5,4,1,4,0,1,0,1,0,1,0,0,0,1,0,0,0,0,0,0,0,0,0,1,1,0,0,0,0,0,1,0
32,32,4,4,4,1,3,4,1045,25812,10400,1,11,3,3,80,0,14,2,2,14,8,9,8,0,1,0,1,0,0,0,1,0,0,0,0,0,0,0,1,0,0,0,1,0,0,0,1,0,0,1,0
30,99,5,27,3,3,2,4,501,25275,5304,7,23,4,4,80,1,10,2,2,8,7,7,7,0,1,1,0,0,0,0,1,0,0,0,0,0,0,0,1,0,0,0,1,0,0,1,0,0,0,1,0
34,46,3,9,4,2,3,2,1442,17654,8621,1,14,3,2,80,0,9,3,4,8,7,7,7,1,0,0,0,1,0,1,0,1,0,0,0,0,0,0,0,0,0,0,1,0,0,0,1,0,0,1,0
23,62,1,2,3,3,1,1,541,9518,2322,3,13,3,3,80,1,3,3,3,0,0,0,0,0,1,1,0,0,0,0,1,0,0,0,0,0,0,0,0,1,0,0,1,0,0,0,0,0,1,1,0
51,71,4,21,3,3,2,4,632,8423,5441,0,22,4,4,80,0,11,2,1,10,7,1,0,0,1,0,0,1,0,0,1,0,0,0,0,0,0,0,1,0,0,0,1,0,0,1,0,0,0,0,1
28,44,4,1,4,3,1,3,791,6842,2154,0,11,3,3,80,0,5,2,2,4,2,0,2,0,1,0,0,1,0,1,0,0,0,1,0,0,0,0,0,0,0,1,0,0,0,0,1,0,0,0,1
31,41,3,12,4,3,2,4,616,17369,5855,0,11,3,3,80,2,10,2,1,9,7,8,5,1,0,0,1,0,0,1,0,1,0,0,0,0,0,0,0,0,0,0,1,0,0,0,1,0,0,0,1
27,68,2,1,3,3,3,1,608,6009,7412,1,11,3,4,80,0,9,3,3,9,7,0,7,1,0,0,1,0,0,1,0,0,0,0,0,1,0,0,0,0,0,0,1,0,1,0,0,0,0,1,0
28,63,2,8,2,2,1,4,1169,23965,4936,1,13,3,4,80,1,6,6,3,5,1,0,4,0,1,1,0,0,1,0,0,0,1,0,0,0,0,0,0,0,0,0,1,0,0,0,1,0,0,1,0
45,67,4,2,3,3,2,3,589,19665,5154,4,22,4,2,80,2,10,3,4,8,7,5,7,1,0,0,1,0,0,0,1,0,0,0,0,0,0,0,1,0,1,0,0,0,1,0,0,0,0,1,0
39,77,3,1,4,3,2,4,792,8989,6472,1,15,3,4,80,1,9,2,3,9,8,5,8,0,1,0,1,0,0,1,0,0,0,1,0,0,0,0,0,0,1,0,0,0,1,0,0,0,0,0,1
42,35,1,2,2,3,1,4,1271,9068,2515,5,14,3,4,80,0,8,2,3,2,1,2,2,0,1,0,0,1,0,1,0,0,0,0,0,0,0,1,0,0,0,1,0,0,0,0,1,0,0,0,1
33,46,3,10,2,2,2,4,508,4317,4682,3,14,3,3,80,0,9,6,2,7,7,0,1,0,1,0,0,1,0,0,1,0,0,0,0,0,0,0,1,0,0,1,0,0,0,1,0,0,0,1,0
36,94,3,3,1,2,3,4,557,12695,7644,0,19,3,3,80,2,10,2,3,9,7,3,4,1,0,0,1,0,0,0,1,0,0,0,0,0,0,0,1,0,0,0,1,0,0,0,1,0,0,1,0
38,77,4,2,2,1,2,4,723,4244,5405,2,20,4,1,80,2,20,4,2,4,2,0,3,1,0,0,1,0,0,0,1,0,0,0,0,0,0,0,0,1,0,0,1,0,0,1,0,0,0,0,1
59,69,3,2,3,2,4,4,715,21829,13726,3,13,3,1,80,0,30,4,3,5,3,4,3,1,0,0,0,1,0,1,0,0,0,0,0,1,0,0,0,0,0,0,1,0,1,0,0,0,0,0,1
29,45,2,20,4,3,2,4,1247,10732,6931,2,14,3,4,80,1,10,2,3,3,2,0,2,0,1,1,0,0,0,0,1,0,0,0,0,0,0,0,1,0,0,0,1,0,0,1,0,0,0,1,0
49,42,1,2,2,3,5,4,1064,13738,19161,3,15,3,4,80,0,28,3,3,5,4,4,3,0,1,0,1,0,0,1,0,0,0,0,0,0,1,0,0,0,0,1,0,0,1,0,0,0,0,1,0
50,95,3,1,4,3,2,3,145,24920,6347,0,12,3,1,80,1,19,3,3,18,7,0,13,1,0,0,1,0,0,0,1,0,0,0,0,0,0,0,1,0,1,0,0,0,1,0,0,0,0,1,0
27,73,1,1,3,3,2,2,210,22107,6349,0,13,3,4,80,1,6,0,3,5,4,1,4,0,1,0,1,0,0,0,1,0,0,0,0,0,0,0,1,0,1,0,0,0,0,1,0,0,0,0,1
42,38,4,10,3,3,1,3,355,6161,2936,3,22,4,2,80,2,10,1,2,6,3,3,3,0,1,0,1,0,0,1,0,0,0,0,0,0,0,1,0,0,1,0,0,0,0,0,0,0,1,1,0
37,73,2,19,2,3,1,2,408,10227,3022,4,21,4,1,80,0,8,1,3,1,0,0,0,0,1,0,1,0,0,1,0,0,0,0,0,0,0,1,0,0,0,0,1,0,1,0,0,0,0,1,0
36,46,3,3,3,3,1,2,469,9256,3692,1,12,3,3,80,0,12,2,2,11,10,0,7,0,1,0,1,0,0,1,0,0,0,0,0,0,0,1,0,0,0,1,0,0,0,0,0,0,1,1,0
47,65,2,2,1,3,2,4,983,7389,5070,5,13,3,3,80,3,20,2,3,5,0,0,4,1,0,1,0,0,0,1,0,0,0,0,0,1,0,0,0,0,0,0,1,0,0,0,1,0,0,1,0
39,77,4,15,2,3,4,1,119,25098,13341,0,12,3,1,80,0,21,3,3,20,8,11,10,0,1,0,0,1,0,0,1,0,0,0,0,0,0,0,1,0,0,0,1,0,0,1,0,0,0,1,0
41,60,3,4,3,1,2,2,552,20794,6430,6,19,3,2,80,1,10,4,3,3,2,1,2,0,1,0,1,0,1,0,0,0,1,0,0,0,0,0,0,0,1,0,0,1,0,0,0,0,0,1,0
29,84,1,14,3,3,3,4,337,22930,7553,0,12,3,1,80,0,9,1,3,8,7,7,7,1,0,0,0,1,0,1,0,1,0,0,0,0,0,0,0,0,0,1,0,0,0,0,0,1,0,0,1
38,32,5,3,4,3,2,3,364,2302,4317,3,20,4,2,80,0,19,2,3,3,2,2,2,1,0,0,0,1,0,1,0,0,0,0,0,0,0,1,0,0,0,0,1,0,0,0,0,0,1,0,1
32,75,3,2,3,3,1,2,1062,3956,2370,1,13,3,3,80,1,8,4,3,8,0,0,7,1,0,0,1,0,0,1,0,0,0,1,0,0,0,0,0,0,0,0,1,0,0,0,1,0,0,1,0
31,100,5,1,3,4,3,2,1445,8931,7446,1,11,3,1,80,0,10,2,3,10,8,4,7,1,0,0,0,1,0,1,0,0,0,0,0,1,0,0,0,0,0,1,0,0,1,0,0,0,0,1,0
21,97,1,5,3,3,1,4,546,26009,3117,1,18,3,3,80,0,3,2,3,2,2,2,2,0,1,0,0,1,0,1,0,0,0,0,0,0,0,1,0,0,0,0,1,0,0,0,1,0,0,1,0
43,33,3,1,4,3,2,4,422,21782,5562,4,13,3,2,80,1,12,2,2,5,2,2,2,1,0,0,1,0,0,1,0,1,0,0,0,0,0,0,0,0,0,1,0,0,1,0,0,0,0,1,0
38,87,2,4,4,3,1,3,1495,26176,3306,7,19,3,4,80,1,7,5,2,0,0,0,0,1,0,0,1,0,0,1,0,0,0,1,0,0,0,0,0,0,0,0,1,0,0,0,1,0,0,1,0
50,50,5,17,4,2,3,1,813,21981,13269,5,15,3,3,80,3,19,3,3,14,11,1,11,1,0,1,0,0,0,1,0,0,0,0,0,0,1,0,0,0,0,0,1,0,1,0,0,0,0,1,0
31,33,1,9,3,3,3,2,1274,14394,10648,1,25,4,4,80,1,13,6,4,13,8,0,8,0,1,1,0,0,0,1,0,0,0,0,0,1,0,0,0,0,0,0,1,0,1,0,0,0,0,1,0
35,84,3,27,3,3,2,4,303,13492,5813,1,18,3,4,80,0,10,2,3,10,7,7,7,0,1,0,0,1,0,0,1,0,0,0,0,0,0,0,1,0,0,0,1,0,1,0,0,0,0,0,1
37,49,4,10,3,3,2,2,1305,21123,4197,2,12,3,4,80,0,18,2,2,1,0,0,1,0,1,0,0,1,0,1,0,0,0,0,0,1,0,0,0,0,0,0,1,0,1,0,0,0,0,0,1
27,56,4,8,2,3,2,2,1130,3415,6214,1,18,3,1,80,1,8,3,3,8,7,0,7,1,0,0,1,0,0,0,1,0,0,0,0,0,0,0,1,0,0,0,1,0,0,1,0,0,0,1,0
48,78,4,4,3,2,3,3,1355,22245,10999,7,14,3,2,80,0,27,3,3,15,11,4,8,0,1,0,0,1,0,1,0,1,0,0,0,0,0,0,0,0,0,0,1,0,1,0,0,0,0,1,0
38,58,3,8,4,2,2,2,1394,18115,2133,1,16,3,3,80,1,20,3,3,20,11,0,7,1,0,1,0,0,0,1,0,0,0,0,0,0,0,1,0,0,0,1,0,0,0,0,1,0,0,0,1
36,33,4,1,4,2,2,3,894,15411,4374,0,15,3,3,80,0,4,6,3,3,2,1,2,1,0,0,1,0,0,1,0,0,0,0,0,1,0,0,0,0,1,0,0,0,0,0,1,0,0,1,0
27,91,1,11,2,3,1,1,1377,7679,2099,0,14,3,2,80,0,6,3,4,5,0,1,4,0,1,0,1,0,0,1,0,0,0,1,0,0,0,0,0,0,0,0,1,0,1,0,0,0,0,1,0
34,92,1,26,1,2,1,3,999,15891,2029,1,20,4,3,80,3,5,2,3,5,4,0,0,1,0,1,0,0,0,1,0,0,0,0,0,0,0,1,0,0,1,0,0,0,0,0,0,0,1,1,0
47,49,3,3,4,3,4,3,217,10225,13770,9,12,3,4,80,2,28,2,2,22,2,11,13,1,0,1,0,0,0,0,1,0,0,0,0,0,0,0,1,0,0,1,0,0,0,0,1,0,0,0,1
49,74,3,16,4,3,1,1,464,24941,2587,4,16,3,2,80,1,17,2,2,2,2,2,2,1,0,1,0,0,0,1,0,0,0,1,0,0,0,0,0,0,0,0,1,0,0,0,1,0,0,0,1
58,72,3,21,4,3,4,4,605,11761,17875,4,13,3,3,80,1,29,2,2,1,0,0,0,1,0,0,1,0,0,0,1,0,0,0,1,0,0,0,0,0,0,0,1,0,1,0,0,0,0,0,1
24,62,1,1,1,3,1,2,1448,21972,3202,1,16,3,2,80,0,6,4,3,5,3,1,4,1,0,0,0,1,0,0,1,0,0,0,0,0,0,0,0,1,0,0,1,0,0,0,0,0,1,0,1
29,97,1,2,4,3,1,2,410,4668,3180,0,13,3,3,80,3,4,3,3,3,2,0,2,1,0,0,1,0,0,1,0,0,0,1,0,0,0,0,0,0,0,1,0,0,1,0,0,0,0,1,0
35,82,4,6,2,1,2,4,1017,19368,6646,1,13,3,2,80,0,17,3,3,17,11,11,8,0,1,0,0,1,0,1,0,0,0,0,0,0,0,1,0,0,0,0,1,0,1,0,0,0,0,1,0
26,46,3,6,3,2,1,2,841,23300,2368,1,19,3,3,80,0,5,3,2,5,4,4,3,1,0,0,1,0,0,1,0,0,0,0,0,0,0,1,0,0,0,0,1,0,0,0,0,1,0,1,0
58,31,4,2,4,3,5,2,286,25761,19246,7,12,3,4,80,0,40,2,3,31,15,13,8,0,1,0,0,1,0,1,0,0,0,0,0,0,1,0,0,0,0,0,1,0,1,0,0,0,0,0,1
45,83,3,25,2,3,5,2,364,13035,18061,3,22,4,3,80,0,22,4,3,0,0,0,0,1,0,0,0,1,0,1,0,0,0,0,1,0,0,0,0,0,0,1,0,0,0,0,1,0,0,1,0
38,81,2,25,1,2,3,2,849,26707,12061,3,17,3,3,80,1,19,2,3,10,8,0,1,1,0,0,1,0,0,1,0,0,0,0,0,0,1,0,0,0,0,0,1,0,1,0,0,0,0,1,0
22,43,3,11,1,3,1,2,253,24440,2244,1,13,3,4,80,1,2,1,3,2,1,1,2,1,0,0,1,0,0,1,0,0,0,0,0,0,0,1,0,0,0,0,1,0,0,0,1,0,0,1,0
33,55,3,25,1,2,1,2,1017,2993,2313,4,20,4,2,80,0,5,0,3,2,2,2,2,0,1,0,0,1,0,1,0,0,0,0,0,0,0,1,0,0,0,0,1,0,0,0,1,0,0,0,1
30,69,4,22,3,3,3,1,1398,2890,8412,0,11,3,3,80,0,10,3,3,9,8,7,8,1,0,0,1,0,0,0,1,0,0,0,0,0,0,0,1,0,1,0,0,0,0,0,0,1,0,1,0
38,98,3,9,2,2,1,2,395,12102,2899,0,19,3,4,80,1,3,3,3,2,2,1,2,0,1,0,1,0,0,0,1,0,0,0,0,0,0,0,0,1,0,0,1,0,0,1,0,0,0,1,0
35,47,4,4,4,2,1,4,636,26537,2376,1,13,3,2,80,1,2,2,4,2,2,2,2,0,1,0,1,0,0,1,0,0,0,1,0,0,0,0,0,0,0,1,0,0,0,0,0,1,0,1,0
30,48,3,6,1,2,2,4,1138,23631,4627,0,12,3,1,80,1,10,6,3,9,2,6,7,1,0,0,1,0,0,1,0,0,0,1,0,0,0,0,0,0,0,0,1,0,0,0,0,0,1,1,0
27,71,1,3,4,4,2,4,1410,16673,4647,1,20,4,2,80,2,6,3,3,6,5,0,4,1,0,1,0,0,0,0,1,0,0,0,0,0,0,0,1,0,0,1,0,0,0,0,1,0,0,0,1
23,78,2,12,4,3,1,4,571,13672,2647,1,13,3,3,80,0,5,6,4,5,2,1,4,0,1,0,0,1,0,1,0,0,0,1,0,0,0,0,0,0,0,0,1,0,0,0,0,1,0,1,0
46,46,4,2,3,3,5,4,734,14218,19328,7,17,3,3,80,1,24,3,3,2,1,2,2,0,1,1,0,0,0,1,0,0,0,0,0,0,1,0,0,0,0,0,1,0,0,0,1,0,0,0,1
27,55,3,7,4,2,2,1,975,23398,6811,8,19,3,1,80,0,9,2,1,7,6,0,7,1,0,0,0,1,0,1,0,1,0,0,0,0,0,0,0,0,0,0,1,0,0,0,1,0,0,1,0
33,38,1,10,1,1,1,4,587,6705,3408,7,13,3,1,80,3,8,2,3,4,3,1,3,0,1,1,0,0,0,1,0,0,0,1,0,0,0,0,0,0,0,0,1,0,0,0,1,0,0,1,0
48,96,4,16,3,3,2,3,492,13693,6439,8,14,3,3,80,1,18,2,3,8,7,7,7,1,0,1,0,0,0,0,1,0,0,0,0,0,0,0,1,0,0,0,1,0,1,0,0,0,0,1,0
38,60,3,18,2,1,2,4,833,24539,5811,3,16,3,3,80,1,15,2,3,1,0,1,0,0,1,0,1,0,0,1,0,1,0,0,0,0,0,0,0,0,0,0,1,0,0,0,1,0,0,0,1
34,100,4,16,3,2,1,4,702,8306,2553,1,16,3,3,80,0,6,3,3,5,2,1,3,1,0,0,0,1,0,1,0,0,0,0,0,0,0,1,0,0,0,1,0,0,1,0,0,0,0,1,0
27,84,1,8,3,3,2,4,829,24008,4342,0,19,3,2,80,1,5,3,3,4,2,1,1,0,1,0,1,0,0,0,1,0,0,0,0,0,0,0,1,0,0,1,0,0,0,1,0,0,0,1,0
30,71,3,3,3,3,1,3,160,22653,2083,1,20,4,3,80,1,1,2,3,1,0,0,0,1,0,1,0,0,0,1,0,0,0,0,0,0,0,1,0,0,0,1,0,0,0,0,1,0,0,1,0
33,36,3,16,3,3,2,4,530,16130,5368,1,25,4,3,80,1,7,2,3,6,5,1,2,1,0,1,0,0,0,0,1,0,0,0,0,0,0,0,1,0,1,0,0,0,1,0,0,0,0,0,1
28,45,3,1,1,2,1,2,1009,7160,2596,1,15,3,1,80,2,1,2,3,1,0,0,0,0,1,1,0,0,0,1,0,0,0,1,0,0,0,0,0,0,0,1,0,0,0,0,1,0,0,1,0
23,33,3,9,4,3,1,1,638,26956,1790,1,19,3,1,80,1,1,3,2,1,0,1,0,0,1,0,1,0,0,0,1,0,0,0,0,0,0,0,0,1,0,1,0,0,0,1,0,0,0,1,0
47,64,4,16,3,4,2,3,1379,6759,5067,1,19,3,3,80,0,20,3,4,19,10,2,7,0,1,1,0,0,0,1,0,0,0,0,0,1,0,0,0,0,0,1,0,0,0,0,1,0,0,0,1
51,96,4,9,4,3,1,4,432,18725,2075,3,23,4,2,80,2,10,4,3,4,2,0,3,0,1,0,1,0,0,1,0,0,0,1,0,0,0,0,0,0,0,0,1,0,1,0,0,0,0,1,0
35,46,3,28,2,4,2,3,750,25348,3407,1,17,3,4,80,2,10,3,2,10,9,6,8,0,1,0,1,0,0,1,0,0,0,1,0,0,0,0,0,0,0,0,1,0,1,0,0,0,0,1,0
30,88,3,3,4,3,1,1,1005,8556,2657,5,11,3,3,80,0,8,5,3,5,2,0,4,1,0,0,0,1,0,1,0,0,0,0,0,0,0,1,0,0,0,0,1,0,0,0,0,0,1,0,1
38,45,3,12,1,2,2,1,471,4284,6288,2,15,3,3,80,1,13,3,2,4,3,1,2,0,1,1,0,0,0,1,0,1,0,0,0,0,0,0,0,0,0,1,0,0,1,0,0,0,0,1,0
25,91,3,3,1,3,1,1,688,9396,4031,5,13,3,3,80,1,6,5,3,2,2,0,2,0,1,0,1,0,0,1,0,0,0,1,0,0,0,0,0,0,0,0,1,0,0,0,1,0,0,1,0
47,83,2,4,4,3,2,4,955,8571,4163,1,17,3,3,80,0,9,0,3,9,0,0,7,1,0,0,0,1,0,0,1,0,0,0,0,0,0,0,1,0,0,0,1,0,1,0,0,0,0,0,1
48,91,3,10,4,2,5,2,1224,13583,19665,4,12,3,4,80,0,29,3,3,22,10,12,9,0,1,0,1,0,0,1,0,0,0,0,0,0,1,0,0,0,0,0,1,0,1,0,0,0,0,1,0
35,78,3,25,4,2,3,2,672,9129,10903,3,16,3,1,80,0,16,2,3,13,10,4,8,0,1,0,1,0,0,1,0,0,0,0,0,1,0,0,0,0,0,0,1,0,0,0,0,0,1,1,0
26,58,4,17,2,3,1,3,426,22808,2741,0,11,3,2,80,1,8,2,2,7,7,1,0,1,0,1,0,0,1,0,0,0,1,0,0,0,0,0,0,0,0,1,0,0,1,0,0,0,0,0,1
32,39,2,3,3,3,3,4,1018,19373,11159,3,15,3,4,80,0,10,6,3,7,7,7,7,1,0,0,0,1,0,1,0,0,0,0,0,0,1,0,0,0,0,0,1,0,1,0,0,0,0,1,0
35,100,4,8,3,3,1,3,528,7108,4323,1,17,3,2,80,0,6,2,1,5,4,1,4,0,1,0,0,1,1,0,0,0,1,0,0,0,0,0,0,0,0,0,1,0,0,0,0,0,1,1,0
39,54,3,2,1,2,1,1,592,17181,3646,2,23,4,2,80,0,11,2,4,1,0,0,0,1,0,0,0,1,0,1,0,0,0,1,0,0,0,0,0,0,1,0,0,0,1,0,0,0,0,0,1
40,38,2,2,3,4,2,2,791,9931,4244,1,24,4,4,80,1,8,2,3,8,7,3,7,1,0,0,1,0,0,1,0,1,0,0,0,0,0,0,0,0,0,1,0,0,0,0,1,0,0,1,0
30,63,3,1,4,3,1,2,1465,9369,3579,0,21,4,1,80,1,12,2,3,11,9,5,7,0,1,0,1,0,0,1,0,0,0,0,0,0,0,1,0,0,0,0,1,0,0,0,1,0,0,0,1
40,84,3,10,2,2,2,2,107,11591,6852,7,12,3,2,80,1,7,2,4,5,1,1,3,1,0,1,0,0,0,0,1,0,0,0,0,0,0,0,1,0,0,0,1,0,0,0,0,0,1,1,0
26,59,2,1,1,2,1,1,192,11141,3955,1,16,3,1,80,2,6,2,3,5,3,1,3,0,1,0,1,0,0,1,0,0,0,1,0,0,0,0,0,0,0,0,1,0,0,0,1,0,0,1,0
21,39,2,9,1,3,1,4,895,2851,2610,1,24,4,3,80,0,3,3,2,3,2,2,2,0,1,0,0,1,0,0,1,0,0,0,0,0,0,0,0,1,1,0,0,0,0,0,1,0,0,1,0
36,48,2,9,2,2,2,2,913,13934,8847,2,11,3,3,80,1,13,2,3,3,2,0,2,0,1,1,0,0,0,1,0,0,0,0,0,1,0,0,0,0,0,0,1,0,0,0,1,0,0,0,1
28,49,3,16,3,3,1,3,1103,2122,2144,1,14,3,3,80,0,5,3,2,5,3,1,4,0,1,0,0,1,0,1,0,0,0,0,0,0,0,1,0,0,1,0,0,0,0,0,1,0,0,1,0
28,38,2,2,3,2,1,1,289,5355,2561,7,11,3,3,80,0,8,2,2,0,0,0,0,0,1,0,0,1,0,1,0,0,0,1,0,0,0,0,0,0,0,1,0,0,0,0,1,0,0,1,0
21,31,1,7,2,3,1,2,337,4567,2679,1,13,3,2,80,0,1,3,3,1,0,1,0,0,1,0,0,1,0,0,1,0,0,0,0,0,0,0,0,1,0,0,1,0,0,1,0,0,0,1,0
40,78,3,2,2,2,2,3,555,13436,3448,6,22,4,2,80,1,20,3,3,1,0,0,0,1,0,0,1,0,0,1,0,0,0,1,0,0,0,0,0,0,0,0,1,0,0,0,1,0,0,1,0
33,30,3,7,4,3,2,2,970,13401,4302,0,17,3,3,80,1,4,3,3,3,2,0,2,1,0,0,1,0,0,0,1,0,0,0,0,0,0,0,1,0,0,1,0,0,1,0,0,0,0,1,0
42,81,3,8,4,3,1,3,1142,13624,3968,4,13,3,4,80,0,8,3,3,0,0,0,0,0,1,0,0,1,0,1,0,0,0,1,0,0,0,0,0,0,0,0,1,0,1,0,0,0,0,1,0
50,77,3,12,3,3,3,4,809,6645,9208,4,11,3,4,80,0,16,3,3,2,2,2,1,1,0,0,0,1,0,0,1,0,0,0,0,0,0,0,1,0,0,1,0,0,0,1,0,0,0,1,0
46,97,4,1,4,3,3,1,644,12368,9396,7,16,3,3,80,1,17,3,3,4,2,0,3,0,1,1,0,0,0,1,0,1,0,0,0,0,0,0,0,0,0,0,1,0,0,0,1,0,0,1,0
20,32,1,10,4,3,1,3,1362,26999,1009,1,11,3,4,80,0,1,5,3,1,0,1,1,0,1,0,0,1,0,1,0,0,0,0,0,0,0,1,0,0,0,0,1,0,0,0,1,0,0,0,1
45,50,3,20,4,3,2,3,374,23333,4850,8,15,3,3,80,0,8,3,3,5,3,0,1,1,0,0,0,1,0,0,1,0,0,0,0,0,0,0,1,0,0,0,1,0,1,0,0,0,0,1,0
29,56,3,13,1,2,1,1,350,3157,2335,4,15,3,4,80,3,4,3,3,2,2,2,0,0,1,1,0,0,1,0,0,0,1,0,0,0,0,0,0,0,0,0,1,1,0,0,0,0,0,0,1
32,74,4,2,1,4,2,4,1018,10557,5055,7,16,3,3,80,0,10,0,2,7,7,0,7,1,0,0,0,1,0,1,0,0,0,0,0,0,0,1,0,0,0,0,1,0,0,0,1,0,0,1,0
35,85,3,1,2,3,2,3,619,18659,4717,9,11,3,3,80,0,15,2,3,11,9,6,9,0,1,0,1,0,0,0,1,0,0,0,0,0,0,0,1,0,0,0,1,0,0,1,0,0,0,1,0
42,81,4,2,3,3,2,4,622,5718,4089,1,13,3,2,80,2,10,4,3,10,2,2,2,1,0,0,1,0,0,1,0,1,0,0,0,0,0,0,0,0,0,0,1,0,1,0,0,0,0,1,0
37,61,3,10,1,3,3,3,504,22573,10048,6,11,3,2,80,2,17,5,3,1,0,0,0,0,1,1,0,0,0,1,0,0,0,0,0,1,0,0,0,0,0,1,0,0,0,0,1,0,0,1,0
40,47,3,12,2,3,2,1,750,10748,4448,2,12,3,2,80,1,15,3,3,7,4,7,7,1,0,1,0,0,0,1,0,1,0,0,0,0,0,0,0,0,0,0,1,0,1,0,0,0,0,1,0
56,97,2,24,1,3,1,4,1162,10261,2587,1,16,3,4,80,0,5,3,3,4,2,1,0,0,1,0,0,1,0,1,0,0,0,1,0,0,0,0,0,0,0,0,1,0,1,0,0,0,0,1,0
34,45,1,2,4,2,2,3,1069,14074,9547,1,17,3,3,80,0,10,2,2,10,9,1,9,0,1,0,1,0,0,1,0,0,0,0,0,1,0,0,0,0,0,1,0,0,1,0,0,0,0,1,0
31,31,2,7,2,3,2,1,480,4156,4306,1,12,3,2,80,1,13,5,1,13,10,3,12,1,0,0,1,0,0,1,0,0,0,0,0,1,0,0,0,0,0,0,1,0,0,0,1,0,0,1,0
39,52,1,1,2,3,5,3,1218,8213,19197,1,14,3,3,80,1,21,3,3,21,8,1,6,0,1,1,0,0,0,1,0,0,0,0,1,0,0,0,0,0,0,1,0,0,1,0,0,0,0,0,1
34,35,4,7,1,3,1,4,479,22061,2972,1,13,3,3,80,0,1,4,1,1,0,0,0,0,1,0,0,1,0,1,0,0,0,0,0,0,0,1,0,0,0,0,1,0,0,0,1,0,0,1,0
30,73,2,8,2,4,3,1,153,17802,11416,0,12,3,3,80,3,9,4,2,8,7,1,7,1,0,0,1,0,0,1,0,0,0,0,0,0,1,0,0,0,0,0,1,0,1,0,0,0,0,0,1
52,59,2,28,4,4,4,3,322,9731,13247,2,11,3,2,80,1,24,3,2,5,3,0,2,1,0,0,1,0,0,1,0,0,0,0,0,1,0,0,0,0,0,1,0,0,0,0,1,0,0,0,1
37,36,3,3,3,3,3,3,482,9606,9434,1,15,3,3,80,1,10,2,3,10,7,7,8,0,1,0,1,0,0,1,0,0,0,0,0,1,0,0,0,0,0,0,1,0,0,0,0,1,0,1,0
32,91,2,8,3,4,2,3,638,22162,5175,5,12,3,3,80,1,9,3,2,5,3,1,3,1,0,0,1,0,0,1,0,0,0,0,0,0,0,1,0,0,0,0,1,0,0,0,1,0,0,1,0
33,93,4,2,4,3,2,4,392,3921,5505,1,14,3,3,80,2,6,5,3,6,2,0,4,0,1,1,0,0,0,0,1,0,0,0,0,0,0,0,1,0,0,0,1,0,0,0,1,0,0,1,0
18,80,1,8,3,3,1,3,247,13556,1904,1,12,3,4,80,0,0,0,3,0,0,0,0,0,1,0,0,1,0,1,0,0,0,1,0,0,0,0,0,0,1,0,0,0,0,0,1,0,0,1,0
33,39,2,2,1,3,1,1,465,21509,2707,7,20,4,1,80,0,13,3,4,9,7,1,7,1,0,0,1,0,0,1,0,0,0,1,0,0,0,0,0,0,0,0,1,0,1,0,0,0,0,1,0
33,59,2,1,2,2,1,3,1313,20439,2008,1,12,3,3,80,3,1,2,2,1,1,0,0,0,1,1,0,0,0,1,0,0,0,1,0,0,0,0,0,0,1,0,0,0,0,0,1,0,0,1,0
30,75,4,5,2,2,1,4,1012,2373,3761,9,12,3,2,80,1,10,3,2,5,4,0,3,0,1,1,0,0,0,1,0,0,0,0,0,0,0,1,0,0,0,1,0,0,1,0,0,0,0,1,0
36,61,2,2,2,2,3,3,164,3809,7596,1,13,3,2,80,2,10,2,3,10,9,9,0,0,1,0,1,0,0,0,1,0,0,0,0,0,0,0,1,0,0,0,1,0,0,0,1,0,0,1,0
40,73,3,11,4,3,2,3,692,26849,6323,1,11,3,1,80,1,10,2,4,10,9,9,4,1,0,0,1,0,0,1,0,0,0,1,0,0,0,0,0,0,0,1,0,0,0,0,0,0,1,1,0
27,57,3,9,4,3,1,2,691,5970,2024,6,18,3,4,80,1,6,1,1,2,2,2,2,0,1,1,0,0,0,1,0,0,0,0,0,0,0,1,0,0,1,0,0,0,0,0,1,0,0,1,0
48,76,3,1,4,2,5,4,715,8733,18265,6,12,3,3,80,0,25,3,4,1,0,0,0,0,1,0,0,1,0,1,0,0,0,0,0,0,1,0,0,0,0,0,1,0,1,0,0,0,0,1,0
37,46,2,9,2,2,2,2,589,8800,4189,1,14,3,1,80,2,5,2,3,5,2,0,3,0,1,0,1,0,0,0,1,0,0,0,0,0,0,0,1,0,0,0,1,0,0,1,0,0,0,1,0
50,86,3,1,3,2,1,3,328,3425,3690,2,15,3,4,80,1,5,2,2,3,2,0,2,0,1,0,1,0,0,1,0,0,0,1,0,0,0,0,0,0,0,0,1,0,0,0,1,0,0,1,0
26,71,3,6,3,3,1,4,991,17759,2659,1,13,3,3,80,1,3,2,3,3,2,0,2,1,0,0,1,0,0,1,0,0,0,1,0,0,0,0,0,0,0,0,1,0,1,0,0,0,0,0,1
42,95,4,1,2,3,1,1,201,20490,2576,3,16,3,2,80,1,8,5,3,5,2,1,2,1,0,1,0,0,0,1,0,0,0,1,0,0,0,0,0,0,0,0,1,0,1,0,0,0,0,1,0
26,32,2,2,4,4,2,4,1066,3334,5472,1,12,3,2,80,0,8,2,3,8,7,1,3,0,1,0,1,0,0,1,0,0,0,0,0,1,0,0,0,0,0,0,1,0,0,0,1,0,0,1,0
25,64,1,7,4,2,1,4,1280,26897,2889,1,11,3,3,80,2,2,2,3,2,2,2,1,0,1,0,1,0,0,1,0,0,0,0,0,0,0,1,0,0,0,0,1,0,0,0,1,0,0,1,0
50,50,2,8,2,3,2,3,562,23452,6796,3,14,3,1,80,1,18,4,3,4,3,1,3,0,1,0,1,0,0,0,1,0,0,0,0,0,0,0,1,0,0,1,0,0,0,0,0,0,1,0,1
40,35,4,9,4,3,1,2,1469,25063,3617,8,14,3,4,80,1,3,2,3,1,1,0,0,0,1,1,0,0,0,1,0,0,0,0,0,0,0,1,0,0,0,1,0,0,0,0,1,0,0,0,1
40,38,2,6,3,3,4,4,898,17381,16437,1,21,4,4,80,0,21,2,3,21,7,7,7,0,1,0,0,1,1,0,0,0,0,0,1,0,0,0,0,0,0,0,1,0,0,0,1,0,0,0,1
51,30,4,1,1,2,3,1,1456,25796,7484,3,20,4,3,80,0,23,1,2,13,12,12,8,1,0,0,0,1,0,1,0,1,0,0,0,0,0,0,0,0,0,1,0,0,0,0,1,0,0,1,0
28,67,2,1,1,1,1,2,654,3872,2216,7,13,3,4,80,0,10,4,3,7,7,3,7,1,0,0,0,1,0,1,0,0,0,0,0,0,0,1,0,0,0,0,1,0,1,0,0,0,0,0,1
40,62,4,2,2,3,2,2,1184,25440,4327,5,12,3,4,80,3,5,2,3,0,0,0,0,0,1,0,1,0,0,0,1,0,0,0,0,0,0,0,1,0,0,1,0,0,0,0,1,0,0,1,0
46,74,4,8,4,2,2,1,1003,21029,4615,8,23,4,1,80,3,19,2,3,16,13,1,7,1,0,1,0,0,0,1,0,0,0,0,0,0,0,1,0,0,0,0,1,0,1,0,0,0,0,0,1
40,98,3,2,3,3,2,4,523,22455,4661,1,13,3,3,80,0,9,4,3,9,8,8,8,0,1,0,0,1,0,1,0,0,0,0,0,0,0,1,0,0,0,0,1,0,1,0,0,0,0,1,0
33,42,3,1,2,2,2,4,1069,12291,6949,0,14,3,1,80,0,6,3,3,5,0,1,4,1,0,0,0,1,0,1,0,1,0,0,0,0,0,0,0,0,0,0,1,0,1,0,0,0,0,1,0
53,78,4,2,1,2,4,4,1219,22021,15427,2,16,3,3,80,0,31,3,3,25,8,3,7,1,0,0,1,0,0,0,1,0,0,0,1,0,0,0,0,0,0,0,1,0,1,0,0,0,0,1,0
30,72,1,2,3,3,1,2,202,17434,2476,1,18,3,1,80,1,1,3,3,1,0,0,0,0,1,0,1,0,0,0,1,0,0,0,0,0,0,0,0,1,0,0,1,0,0,0,0,0,1,1,0
40,47,2,9,1,3,2,1,1342,19345,5473,0,12,3,4,80,0,9,5,4,8,4,7,1,0,1,0,1,0,0,0,1,0,0,0,0,0,0,0,1,0,0,0,1,0,0,0,1,0,0,1,0
39,64,4,2,3,3,3,3,505,6420,10938,0,25,4,4,80,0,20,1,3,19,6,11,8,1,0,0,0,1,0,1,0,1,0,0,0,0,0,0,0,0,0,1,0,0,0,0,0,0,1,1,0
26,95,3,1,3,3,1,1,157,20006,2867,0,13,3,4,80,0,8,6,2,7,7,7,6,0,1,0,0,1,0,1,0,0,0,1,0,0,0,0,0,0,0,0,1,0,0,0,1,0,0,1,0
52,89,3,2,3,2,1,4,1323,3300,3212,7,15,3,2,80,0,6,3,2,2,2,2,2,1,0,0,0,1,0,1,0,0,0,1,0,0,0,0,0,0,0,0,1,0,1,0,0,0,0,1,0
31,40,3,10,3,3,3,3,697,26862,11031,4,20,4,3,80,1,13,2,4,11,7,4,8,1,0,0,1,0,0,1,0,0,0,0,0,0,1,0,0,0,1,0,0,0,0,0,1,0,0,1,0
36,94,3,27,3,3,2,3,1299,16577,5237,6,13,3,2,80,2,17,3,2,7,7,7,7,0,1,0,1,0,0,1,0,1,0,0,0,0,0,0,0,0,0,0,1,0,0,0,1,0,0,1,0
38,57,3,7,4,4,1,3,693,15748,2610,1,11,3,4,80,3,4,2,3,4,2,0,3,0,1,1,0,0,0,1,0,0,0,0,0,0,0,1,0,0,0,1,0,0,1,0,0,0,0,1,0
42,37,1,2,3,3,4,3,495,26582,17861,0,13,3,4,80,0,21,3,2,20,8,2,10,0,1,0,1,0,0,1,0,0,0,0,1,0,0,0,0,0,1,0,0,0,1,0,0,0,0,0,1
38,37,3,1,3,4,1,3,433,6004,2844,1,13,3,4,80,1,7,2,4,7,6,5,0,0,1,0,1,0,1,0,0,0,1,0,0,0,0,0,0,0,0,0,1,1,0,0,0,0,0,1,0
39,42,3,2,4,2,2,4,1383,7790,5204,8,11,3,3,80,2,13,2,3,5,4,0,4,1,0,0,1,0,1,0,0,0,1,0,0,0,0,0,0,0,0,0,1,0,1,0,0,0,0,1,0
22,75,1,7,4,3,1,2,391,26092,2472,1,23,4,1,80,0,1,2,3,1,0,0,0,0,1,0,0,1,0,1,0,0,0,0,0,0,0,1,0,0,0,0,1,0,1,0,0,0,0,0,1
24,58,1,22,4,1,1,3,240,11585,1555,1,11,3,3,80,1,1,2,3,1,0,0,0,0,1,0,1,0,1,0,0,0,1,0,0,0,0,0,0,0,0,0,1,1,0,0,0,0,0,1,0
47,33,2,2,3,3,4,4,202,12982,16752,1,11,3,3,80,1,26,3,2,26,14,3,0,1,0,0,1,0,0,1,0,0,0,0,1,0,0,0,0,0,0,0,1,0,0,0,0,1,0,0,1
44,61,2,9,2,3,1,1,661,7508,2559,1,13,3,4,80,0,8,0,3,8,7,7,1,0,1,0,1,0,0,1,0,0,0,0,0,0,0,1,0,0,0,0,1,0,1,0,0,0,0,0,1
46,75,2,7,4,3,3,3,566,24208,10845,6,13,3,2,80,1,13,3,3,8,7,0,7,0,1,1,0,0,0,1,0,0,0,0,0,1,0,0,0,0,0,0,1,0,0,0,1,0,0,1,0
34,43,3,23,2,3,3,1,988,11533,9950,9,15,3,3,80,3,11,2,3,3,2,0,2,1,0,1,0,0,1,0,0,0,1,0,0,0,0,0,0,0,0,1,0,1,0,0,0,0,0,0,1
40,100,3,24,2,4,4,2,1479,17071,13194,4,16,3,4,80,0,22,2,2,1,0,0,0,1,0,0,0,1,0,0,1,0,0,0,0,0,0,0,1,0,1,0,0,0,1,0,0,0,0,0,1
30,33,4,29,3,3,3,2,1288,17799,9250,3,12,3,2,80,1,9,3,3,4,2,1,3,0,1,0,1,0,0,0,1,0,0,0,0,0,0,0,1,0,0,0,1,0,0,0,0,0,1,1,0
49,51,2,8,1,3,3,2,527,22477,7403,4,11,3,3,80,1,29,3,2,26,9,1,7,1,0,0,1,0,0,1,0,0,0,1,0,0,0,0,0,0,0,0,1,0,0,0,0,1,0,1,0
55,60,5,26,3,2,5,4,685,23037,19586,1,21,4,3,80,1,36,3,3,36,6,2,13,0,1,0,1,0,0,0,1,0,0,0,1,0,0,0,0,0,0,0,1,0,0,1,0,0,0,1,0
30,52,4,26,3,2,2,1,334,22967,6696,5,15,3,3,80,0,9,5,2,6,3,0,1,1,0,0,0,1,0,0,1,0,0,0,0,0,0,0,1,0,0,1,0,0,0,1,0,0,0,1,0
40,54,3,26,2,3,2,2,1395,8504,5605,1,11,3,1,80,1,20,2,3,20,7,2,13,1,0,1,0,0,0,1,0,0,0,0,0,0,0,1,0,0,0,1,0,0,0,0,1,0,0,1,0
27,79,3,3,3,2,1,3,1450,25326,2566,1,15,3,4,80,1,1,2,2,1,1,0,1,0,1,1,0,0,0,1,0,0,0,0,0,0,0,1,0,0,1,0,0,0,0,0,1,0,0,0,1
32,66,3,1,2,3,2,2,548,7346,6220,1,17,3,2,80,2,10,3,3,10,4,0,9,0,1,0,1,0,0,1,0,0,0,0,0,0,0,1,0,0,0,0,1,0,1,0,0,0,0,1,0
53,78,2,7,1,2,3,4,661,20715,10934,7,18,3,4,80,1,35,3,3,5,2,0,4,1,0,0,1,0,0,0,1,0,0,0,0,0,0,0,1,0,0,0,1,0,0,1,0,0,0,0,1
27,41,4,2,2,3,1,2,1354,6073,2226,1,11,3,3,80,1,6,3,2,5,3,1,2,0,1,0,1,0,0,1,0,0,0,0,0,0,0,1,0,0,0,0,1,0,0,0,0,0,1,1,0
31,77,1,2,2,3,2,4,828,8346,6582,4,13,3,3,80,0,10,2,4,6,5,0,5,0,1,0,0,1,0,0,1,0,0,0,0,0,0,0,1,0,0,0,1,0,1,0,0,0,0,0,1
36,63,4,10,4,3,3,3,325,5747,7094,3,12,3,1,80,0,10,0,3,7,7,1,7,1,0,0,1,0,0,1,0,1,0,0,0,0,0,0,0,0,0,0,1,0,0,0,0,0,1,1,0
35,59,2,15,1,1,2,4,763,22098,5440,6,14,3,4,80,2,7,2,2,2,2,2,2,0,1,1,0,0,0,0,1,0,0,0,0,0,0,0,1,0,0,0,1,0,0,0,1,0,0,0,1
42,35,4,18,4,3,2,1,557,11189,5410,6,17,3,3,80,1,9,3,2,4,3,1,2,0,1,1,0,0,0,1,0,0,0,0,0,0,0,1,0,0,0,0,1,0,1,0,0,0,0,0,1
41,35,3,6,4,3,3,3,918,15869,9241,1,12,3,2,80,0,10,3,3,10,8,8,7,0,1,0,0,1,0,0,1,0,0,0,0,0,0,0,1,0,0,0,1,0,0,1,0,0,0,1,0
45,100,4,26,1,3,2,1,306,5630,4286,2,14,3,4,80,2,5,4,3,1,1,0,0,1,0,0,1,0,0,0,1,0,0,0,0,0,0,0,1,0,0,1,0,0,1,0,0,0,0,1,0
38,71,4,10,3,3,2,3,888,14814,6077,3,11,3,3,80,0,10,2,3,6,3,1,2,0,1,0,1,0,1,0,0,0,1,0,0,0,0,0,0,0,0,1,0,1,0,0,0,0,0,1,0
32,48,2,5,2,3,2,2,379,8891,6524,1,14,3,4,80,1,10,3,3,10,8,5,3,0,1,0,1,0,0,0,1,0,0,0,0,0,0,0,1,0,0,1,0,0,1,0,0,0,0,1,0
38,40,2,6,4,2,1,3,1153,16376,3702,1,11,3,2,80,1,5,3,3,5,4,0,4,1,0,0,1,0,0,1,0,0,0,1,0,0,0,0,0,0,0,0,1,0,0,0,0,1,0,1,0
26,46,3,10,3,3,2,4,572,9125,4684,1,13,3,1,80,0,5,4,3,5,3,1,2,0,1,0,0,1,0,0,1,0,0,0,0,0,0,0,1,0,0,0,1,0,0,0,1,0,0,1,0
41,94,2,1,2,3,2,4,1102,19479,5993,8,11,3,1,80,0,8,0,1,6,4,0,5,1,0,0,0,1,0,0,1,0,0,0,0,0,0,0,1,0,0,0,1,0,1,0,0,0,0,0,1
37,66,4,16,4,2,2,3,342,24558,6334,4,19,3,4,80,2,9,2,3,1,0,0,0,0,1,1,0,0,0,0,1,0,0,0,0,0,0,0,1,0,0,0,1,0,0,1,0,0,0,1,0
29,51,3,17,2,2,3,1,332,9769,7988,1,13,3,1,80,0,10,3,2,10,9,0,9,0,1,0,0,1,1,0,0,0,1,0,0,0,0,0,0,0,0,0,1,0,0,0,0,1,0,1,0
44,35,4,3,4,3,5,4,1315,9358,19513,4,12,3,1,80,1,26,2,4,2,2,0,1,0,1,0,1,0,0,1,0,0,0,0,1,0,0,0,0,0,0,0,1,0,0,0,0,1,0,0,1
31,70,4,16,1,3,3,3,1079,19002,8161,2,13,3,1,80,3,10,2,3,1,0,0,0,0,1,0,1,0,0,0,1,0,0,0,0,0,0,0,1,0,0,0,1,0,0,1,0,0,0,1,0
48,98,2,1,1,2,3,3,626,19294,5381,9,13,3,4,80,0,23,2,3,1,0,0,0,0,1,0,0,1,0,1,0,0,0,1,0,0,0,0,0,0,0,0,1,0,1,0,0,0,0,0,1
32,55,3,10,4,3,2,4,929,21703,5396,1,12,3,4,80,0,10,2,2,10,7,0,8,0,1,0,0,1,0,0,1,0,0,0,0,0,0,0,1,0,0,0,1,0,0,1,0,0,0,1,0
56,57,4,1,3,3,2,3,667,26236,6306,1,21,4,1,80,1,13,2,2,13,12,1,9,0,1,1,0,0,0,1,0,1,0,0,0,0,0,0,0,0,1,0,0,0,1,0,0,0,0,1,0
36,77,3,1,3,1,3,1,363,4235,10252,2,21,4,3,80,1,17,2,3,7,7,7,7,1,0,1,0,0,0,1,0,0,0,0,0,1,0,0,0,0,0,0,1,0,0,0,0,0,1,0,1
19,96,3,10,1,2,1,2,504,6148,1859,1,25,4,2,80,0,1,2,4,1,1,0,0,1,0,0,0,1,0,1,0,0,0,0,0,0,0,1,0,0,1,0,0,0,0,0,1,0,0,0,1
24,62,3,9,3,4,1,3,581,17616,4401,1,16,3,4,80,1,5,1,3,5,3,0,4,0,1,0,1,0,0,1,0,0,0,0,0,0,0,1,0,0,0,0,1,0,0,0,1,0,0,1,0
36,76,4,8,1,2,3,1,1434,14229,7587,1,15,3,2,80,0,10,1,3,10,7,0,9,0,1,0,0,1,0,0,1,0,0,0,0,0,0,0,1,0,1,0,0,0,1,0,0,0,0,1,0
25,93,1,18,1,4,2,3,1372,12477,6232,2,11,3,2,80,0,6,3,2,3,2,1,2,0,1,0,1,0,0,0,1,0,0,0,0,0,0,0,1,0,0,0,1,0,1,0,0,0,0,1,0
29,87,1,6,4,2,1,2,352,15434,2804,1,11,3,4,80,0,1,3,3,1,0,0,0,0,1,0,1,0,1,0,0,0,1,0,0,0,0,0,0,0,0,0,1,0,0,0,1,0,0,1,0
36,55,3,6,2,4,1,4,132,22002,3038,3,12,3,2,80,0,5,3,3,1,0,0,0,1,0,0,1,0,0,1,0,0,0,1,0,0,0,0,0,0,0,0,1,0,1,0,0,0,0,1,0
29,83,3,10,4,3,1,2,1090,17967,2297,1,14,3,4,80,2,2,2,3,2,2,2,2,0,1,1,0,0,0,0,1,0,0,0,0,0,0,0,0,1,0,0,1,0,0,1,0,0,0,1,0
24,33,2,3,1,3,2,3,1353,17519,4999,0,21,4,1,80,1,4,2,2,3,2,0,2,1,0,0,1,0,0,0,1,0,0,0,0,0,0,0,1,0,0,0,1,0,0,0,0,1,0,1,0
32,49,4,29,3,2,1,2,267,15919,2837,1,13,3,3,80,0,6,3,3,6,2,4,1,1,0,0,0,1,0,1,0,0,0,1,0,0,0,0,0,0,0,0,1,0,1,0,0,0,0,1,0
39,87,3,9,4,3,5,4,105,15302,19431,2,13,3,3,80,0,21,3,2,6,0,1,3,0,1,0,0,1,0,1,0,0,0,0,1,0,0,0,0,0,1,0,0,0,1,0,0,0,0,1,0
41,80,2,23,4,3,3,3,1206,11591,7082,3,16,3,4,80,0,21,2,3,2,0,0,2,0,1,0,0,1,0,0,1,0,0,0,0,0,0,0,1,0,0,0,1,0,1,0,0,0,0,0,1
46,52,2,15,4,3,5,2,1450,10849,19081,5,11,3,1,80,1,25,2,3,4,2,0,3,0,1,0,1,0,0,1,0,0,0,0,0,0,1,0,0,0,0,0,1,0,1,0,0,0,0,1,0
29,77,4,8,2,1,1,1,318,4759,2119,1,11,3,4,80,0,7,4,2,7,7,0,7,0,1,0,1,0,0,1,0,0,0,1,0,0,0,0,0,0,0,0,1,0,0,0,0,1,0,0,1
31,66,3,20,1,3,3,3,534,22908,9824,3,12,3,1,80,0,12,2,3,1,0,0,0,0,1,0,1,0,0,1,0,1,0,0,0,0,0,0,0,0,0,1,0,0,1,0,0,0,0,1,0
47,78,3,14,3,3,2,3,571,24200,4591,3,17,3,3,80,1,11,4,2,5,4,1,2,1,0,0,1,0,0,0,1,0,0,0,0,0,0,0,1,0,0,0,1,0,0,0,1,0,0,0,1
28,46,4,2,3,3,1,3,890,16374,4382,6,17,3,4,80,0,5,3,2,2,2,2,1,0,1,0,0,1,0,1,0,0,0,0,0,0,0,1,0,0,0,0,1,0,0,0,1,0,0,1,0
44,67,3,23,2,3,2,2,489,25043,2042,4,12,3,3,80,1,17,3,4,3,2,1,2,0,1,0,1,0,0,1,0,0,0,1,0,0,0,0,0,0,1,0,0,0,0,0,1,0,0,1,0
39,70,3,6,4,3,1,1,1122,4303,2404,7,21,4,4,80,0,8,2,1,2,2,2,2,0,1,0,1,0,0,1,0,0,0,1,0,0,0,0,0,0,0,0,1,0,0,0,1,0,0,0,1
30,88,1,1,3,2,3,3,829,20925,8474,1,22,4,3,80,0,12,2,3,11,8,5,8,0,1,0,0,1,0,1,0,0,0,0,0,1,0,0,0,0,1,0,0,0,1,0,0,0,0,1,0
59,52,2,6,2,3,1,3,818,25657,2267,8,17,3,4,80,0,7,2,2,2,2,2,2,0,1,0,1,0,1,0,0,0,1,0,0,0,0,0,0,0,0,0,1,0,0,0,1,0,0,1,0
28,50,2,15,1,3,1,3,895,22482,2207,1,16,3,4,80,1,4,5,2,4,2,2,2,0,1,1,0,0,0,1,0,0,0,1,0,0,0,0,0,0,0,0,1,0,1,0,0,0,0,1,0
39,70,3,9,3,3,2,2,439,8770,6782,9,15,3,3,80,0,9,2,2,5,4,0,3,0,1,0,0,1,0,1,0,0,0,1,0,0,0,0,0,0,1,0,0,0,1,0,0,0,0,1,0
50,54,4,8,4,3,1,2,316,9983,3875,7,15,3,4,80,1,4,2,3,2,2,2,2,0,1,0,1,0,0,0,1,0,0,0,0,0,0,0,0,1,0,0,1,0,0,1,0,0,0,1,0
44,53,3,28,4,4,4,4,1448,11737,13320,3,18,3,3,80,1,23,2,3,12,11,11,11,1,0,0,1,0,0,0,1,0,0,0,0,0,0,0,1,0,0,0,1,0,0,0,1,0,0,0,1
33,54,4,29,1,2,2,3,827,3129,4508,1,22,4,2,80,0,14,4,3,13,7,3,8,1,0,0,0,1,0,1,0,0,0,0,0,0,0,1,0,0,0,1,0,0,0,0,1,0,0,1,0
50,53,3,11,3,3,5,2,1452,17053,19926,3,15,3,2,80,0,21,5,3,5,4,4,4,1,0,0,0,1,0,1,0,0,0,0,1,0,0,0,0,0,0,0,1,0,1,0,0,0,0,1,0
19,100,1,1,3,1,1,1,602,20989,2325,0,21,4,1,80,0,1,5,4,0,0,0,0,1,0,0,0,1,0,0,1,0,0,0,0,0,0,0,0,1,0,1,0,0,0,0,0,0,1,1,0
42,56,3,24,4,3,3,1,319,6950,7406,1,21,4,4,80,1,10,5,2,10,9,5,8,0,1,0,1,0,0,1,0,0,0,0,0,1,0,0,0,0,0,0,1,0,0,0,1,0,0,0,1
38,80,3,14,3,3,2,2,1245,12355,9924,0,11,3,4,80,1,10,3,3,9,8,7,7,0,1,0,1,0,0,0,1,0,0,0,0,0,0,0,1,0,0,0,1,0,1,0,0,0,0,1,0
50,68,4,1,4,3,5,4,854,24118,19517,3,11,3,3,80,1,32,3,2,7,0,0,6,1,0,1,0,0,0,0,1,0,0,0,1,0,0,0,0,0,0,0,1,0,0,0,1,0,0,1,0
23,37,1,9,2,3,1,1,650,4344,2500,1,14,3,4,80,1,5,2,4,4,3,0,2,0,1,0,1,0,0,1,0,0,0,1,0,0,0,0,0,0,0,0,1,0,0,0,1,0,0,1,0
29,62,2,3,2,3,2,3,1176,3487,5561,1,14,3,1,80,1,6,5,2,6,0,1,2,1,0,0,1,0,0,0,1,0,0,0,0,0,0,0,1,0,0,0,1,0,0,0,1,0,0,1,0
31,54,2,2,1,3,1,3,1154,6393,3067,0,19,3,3,80,1,3,1,3,2,2,1,2,0,1,0,1,0,0,0,1,0,0,0,0,0,0,0,0,1,0,0,1,0,1,0,0,0,0,1,0
33,78,3,2,3,3,1,4,924,6670,2496,4,11,3,4,80,0,7,3,3,1,1,0,0,0,1,0,0,1,0,1,0,0,0,1,0,0,0,0,0,0,0,0,1,0,0,0,1,0,0,1,0
29,40,1,20,4,3,1,4,574,7003,3812,1,13,3,2,80,0,11,3,4,11,8,3,10,0,1,0,1,0,0,1,0,0,0,1,0,0,0,0,0,0,0,1,0,0,0,0,1,0,0,1,0
29,42,3,10,3,2,2,3,469,23413,5869,9,11,3,3,80,0,8,2,3,5,2,1,4,0,1,0,0,1,0,0,1,0,0,0,0,0,0,0,1,0,0,0,1,0,0,0,1,0,0,1,0
45,83,3,29,3,3,1,4,1316,9752,3452,5,13,3,2,80,0,9,2,2,6,5,0,3,0,1,0,0,1,0,1,0,0,0,0,0,0,0,1,0,0,0,0,1,0,0,0,1,0,0,1,0
45,70,3,1,3,4,5,4,252,15970,19202,0,11,3,3,80,1,25,2,3,24,0,1,7,0,1,0,1,0,0,1,0,0,0,0,1,0,0,0,0,0,0,0,1,0,0,0,0,1,0,1,0
36,80,4,6,1,4,2,1,1302,19711,5562,3,13,3,4,80,1,9,3,3,3,2,0,2,0,1,0,1,0,0,1,0,0,0,1,0,0,0,0,0,0,0,1,0,0,1,0,0,0,0,0,1
37,51,4,1,1,2,2,3,1115,2689,5993,1,18,3,3,80,1,7,2,4,7,5,0,7,0,1,1,0,0,0,1,0,0,0,0,0,1,0,0,0,0,0,0,1,0,1,0,0,0,0,1,0
32,95,4,2,4,3,1,2,1259,24852,1393,1,12,3,1,80,0,1,2,3,1,0,0,0,0,1,0,0,1,0,1,0,0,0,1,0,0,0,0,0,0,0,0,1,0,1,0,0,0,0,1,0
24,89,3,9,2,3,1,1,381,16998,3172,2,11,3,3,80,0,4,2,2,0,0,0,0,0,1,0,0,1,0,1,0,0,0,1,0,0,0,0,0,0,0,1,0,0,0,0,1,0,0,0,1
28,66,2,8,4,3,1,4,1117,4488,3310,1,21,4,4,80,0,5,3,3,5,3,0,2,1,0,0,0,1,0,1,0,0,0,0,0,0,0,1,0,0,0,0,1,0,1,0,0,0,0,1,0
34,85,4,16,4,1,1,1,967,14460,2307,1,23,4,2,80,1,5,2,3,5,2,3,0,0,1,0,1,0,0,1,0,0,0,0,0,0,0,1,0,0,1,0,0,0,0,0,0,0,1,0,1
29,91,3,9,3,4,1,3,598,22376,2451,6,18,3,1,80,2,5,2,2,1,0,0,0,0,1,0,1,0,0,1,0,0,0,0,0,0,0,1,0,0,0,0,1,0,1,0,0,0,0,1,0
45,36,4,24,2,3,1,2,788,8318,2177,1,16,3,1,80,0,6,3,3,6,3,0,4,0,1,0,0,1,1,0,0,0,1,0,0,0,0,0,0,0,0,0,1,0,0,0,1,0,0,1,0
30,72,2,9,3,3,2,3,879,12858,4695,7,18,3,3,80,0,10,3,3,8,4,1,7,1,0,0,0,1,0,1,0,0,0,0,0,1,0,0,0,0,1,0,0,0,0,0,1,0,0,0,1
24,61,3,1,2,3,1,4,813,3020,2293,2,16,3,1,80,1,6,2,2,2,0,2,0,0,1,0,1,0,0,1,0,0,0,0,0,0,0,1,0,0,0,0,1,0,0,0,1,0,0,0,1
31,42,4,9,3,2,1,2,408,7551,2657,0,16,3,4,80,0,3,5,3,2,2,2,2,0,1,0,0,1,0,1,0,0,0,0,0,0,0,1,0,0,0,0,1,0,1,0,0,0,0,0,1
54,52,3,3,4,3,2,1,1147,17011,5940,2,14,3,4,80,1,16,4,3,6,2,0,5,1,0,0,1,0,0,0,1,0,0,0,0,0,0,0,1,0,0,0,1,0,0,1,0,0,0,1,0
37,98,4,6,3,3,2,4,228,22825,6502,4,14,3,2,80,1,7,5,4,5,4,0,1,0,1,0,1,0,0,0,1,0,0,0,0,0,0,0,1,0,0,0,1,0,0,0,1,0,0,1,0
35,75,2,4,3,3,1,4,464,10910,1951,1,12,3,3,80,1,1,3,3,1,0,0,0,0,1,1,0,0,0,1,0,0,0,1,0,0,0,0,0,0,0,0,1,0,0,0,0,1,0,1,0
60,92,4,1,3,1,3,4,370,20467,10883,3,20,4,3,80,1,19,2,4,1,0,0,0,0,1,1,0,0,0,1,0,1,0,0,0,0,0,0,0,0,0,0,1,0,0,0,1,0,0,1,0
36,60,4,6,3,1,1,3,917,6865,2741,1,14,3,3,80,1,7,4,3,7,7,1,7,0,1,1,0,0,0,1,0,0,0,1,0,0,0,0,0,0,0,0,1,0,1,0,0,0,0,1,0
39,60,1,24,2,2,4,4,722,8828,12031,0,11,3,1,80,1,21,2,2,20,9,9,6,1,0,0,1,0,0,0,1,0,0,0,0,0,0,0,1,0,0,0,1,0,0,1,0,0,0,1,0
29,49,2,15,4,2,2,3,153,12682,4193,0,12,3,4,80,0,10,3,3,9,5,0,8,1,0,0,0,1,0,1,0,0,0,1,0,0,0,0,0,0,0,0,1,0,1,0,0,0,0,0,1
27,54,4,3,1,2,1,4,1115,15174,2045,0,13,3,4,80,0,5,0,3,4,2,1,1,0,1,0,0,1,0,1,0,0,0,0,0,0,0,1,0,0,0,0,1,0,0,0,1,0,0,1,0
38,73,4,10,3,2,3,3,770,5569,8740,0,14,3,2,80,2,9,2,3,8,7,2,7,0,1,1,0,0,0,0,1,0,0,0,0,0,0,0,1,0,0,0,1,0,0,1,0,0,0,0,1
42,60,5,26,1,3,3,1,458,23281,13191,3,17,3,3,80,0,20,6,3,1,0,0,0,1,0,0,1,0,0,1,0,0,0,0,0,0,1,0,0,0,0,1,0,0,0,0,1,0,0,0,1
59,81,3,3,3,4,1,1,1324,9964,2670,4,20,4,1,80,3,12,3,2,1,0,0,0,1,0,0,1,0,0,1,0,0,0,1,0,0,0,0,0,0,0,0,1,0,0,0,1,0,0,0,1
42,35,2,2,4,3,4,1,469,14399,17665,0,17,3,4,80,1,23,3,3,22,6,13,7,0,1,0,1,0,0,1,0,0,0,0,1,0,0,0,0,0,0,0,1,0,0,0,1,0,0,1,0
26,37,3,21,1,3,1,3,1330,19373,2377,1,20,4,3,80,1,1,0,2,1,1,0,0,0,1,1,0,0,0,1,0,0,0,1,0,0,0,0,0,0,0,0,1,0,0,0,1,0,0,1,0
41,95,3,6,4,2,2,2,483,10110,6032,6,15,3,4,80,0,8,3,3,5,4,1,2,0,1,0,0,1,0,1,0,0,0,0,0,1,0,0,0,0,0,0,1,0,0,0,1,0,0,0,1
35,46,3,22,4,1,1,3,144,19225,4230,0,15,3,3,80,0,6,2,3,5,4,4,3,0,1,0,0,1,0,1,0,0,0,1,0,0,0,0,0,0,0,0,1,0,1,0,0,0,0,1,0
57,88,4,1,4,3,2,3,593,2967,6755,2,11,3,3,80,0,15,2,3,3,2,1,2,0,1,0,1,0,0,1,0,1,0,0,0,0,0,0,0,0,0,0,1,0,0,0,1,0,0,1,0
31,96,3,24,3,2,2,1,1062,17198,6812,1,19,3,2,80,0,10,2,3,10,9,1,8,1,0,0,0,1,0,1,0,1,0,0,0,0,0,0,0,0,0,0,1,0,0,0,1,0,0,1,0
59,32,4,2,3,2,5,4,1420,21922,18844,9,21,4,4,80,1,30,3,3,3,2,2,2,1,0,0,1,0,1,0,0,0,0,0,1,0,0,0,0,0,1,0,0,1,0,0,0,0,0,1,0
34,86,3,9,4,3,3,4,943,5494,8500,0,11,3,4,80,1,10,0,2,9,7,1,6,0,1,1,0,0,0,1,0,1,0,0,0,0,0,0,0,0,0,0,1,0,1,0,0,0,0,1,0
40,99,2,19,3,3,2,4,905,16523,2741,8,15,3,3,80,1,15,2,4,7,2,3,7,0,1,0,1,0,0,1,0,0,0,1,0,0,0,0,0,0,0,0,1,0,0,0,1,0,0,0,1
34,45,1,3,1,3,2,4,618,22266,7756,0,17,3,3,80,0,7,1,2,6,2,0,4,0,1,0,0,1,0,1,0,1,0,0,0,0,0,0,0,0,0,1,0,0,1,0,0,0,0,1,0
41,64,3,9,1,3,5,3,840,3735,19419,2,17,3,2,80,1,21,2,4,18,16,0,11,0,1,1,0,0,0,1,0,0,0,0,0,0,1,0,0,0,0,1,0,0,0,0,1,0,0,1,0
35,86,3,4,4,3,3,1,1204,10333,9582,0,22,4,1,80,0,9,2,3,8,7,4,7,0,1,0,0,1,0,0,1,0,0,0,0,0,0,0,1,0,0,0,1,0,0,0,0,0,1,0,1
35,71,3,22,2,4,3,2,1315,19100,11996,7,18,3,2,80,1,10,6,2,7,7,6,2,1,0,1,0,0,0,1,0,0,0,0,1,0,0,0,0,0,0,0,1,0,1,0,0,0,0,1,0
35,86,3,18,3,3,2,3,1219,6179,4601,1,16,3,2,80,0,5,3,3,5,2,1,0,1,0,0,1,0,0,0,1,0,0,0,0,0,0,0,1,0,0,0,1,0,0,0,1,0,0,1,0
25,85,2,5,2,4,2,1,675,18384,4000,1,12,3,4,80,2,6,2,3,6,3,1,5,0,1,1,0,0,0,1,0,1,0,0,0,0,0,0,0,0,1,0,0,0,1,0,0,0,0,1,0
49,96,4,5,1,3,2,3,1495,21534,6651,2,14,3,2,80,1,20,0,2,3,2,1,2,0,1,0,1,0,0,1,0,1,0,0,0,0,0,0,0,0,0,0,1,0,0,0,0,0,1,1,0
36,63,4,10,2,2,2,3,1266,6060,5673,1,13,3,1,80,1,10,4,3,10,9,1,7,1,0,0,1,0,0,0,1,0,0,0,0,0,0,0,1,0,0,0,1,0,0,0,0,0,1,0,1
26,66,3,24,3,1,1,4,471,23213,2340,1,18,3,2,80,0,1,3,1,1,0,0,0,0,1,0,0,1,0,1,0,0,0,1,0,0,0,0,0,0,0,0,1,0,0,0,0,0,1,0,1
58,37,4,10,4,3,4,3,682,24409,13872,0,13,3,3,80,0,38,1,2,37,10,1,8,0,1,0,0,1,0,0,1,0,0,0,0,0,0,0,1,0,0,0,1,0,0,0,1,0,0,1,0
27,90,3,20,4,3,2,3,1242,12916,9981,1,14,3,4,80,0,7,2,3,7,7,0,7,1,0,0,0,1,0,0,1,0,0,0,0,0,0,0,1,0,0,1,0,0,1,0,0,0,0,1,0
42,78,4,7,2,4,2,2,603,5628,2372,6,16,3,4,80,0,18,2,3,1,0,0,0,1,0,0,1,0,0,1,0,0,0,0,0,0,0,1,0,0,0,0,1,0,0,0,1,0,0,0,1
29,78,3,2,1,2,2,2,1210,3687,6644,2,19,3,2,80,2,10,2,3,0,0,0,0,0,1,0,1,0,0,0,1,0,0,0,0,0,0,0,1,0,0,0,1,0,0,0,1,0,0,1,0
27,47,4,2,1,3,2,4,1055,4658,4227,0,18,3,2,80,1,4,2,3,3,2,2,2,1,0,0,1,0,0,1,0,0,0,0,0,1,0,0,0,0,0,0,1,0,1,0,0,0,0,1,0
42,95,3,13,2,4,2,1,1128,5696,5538,5,18,3,3,80,2,10,2,2,0,0,0,0,0,1,0,1,0,0,1,0,1,0,0,0,0,0,0,0,0,0,0,1,0,0,0,1,0,0,1,0
30,57,1,7,4,3,1,2,413,18398,2983,0,14,3,1,80,0,4,3,3,3,2,1,2,0,1,0,0,1,0,0,1,0,0,0,0,0,0,0,0,1,0,0,1,0,0,1,0,0,0,1,0
20,83,3,1,4,2,1,2,959,11757,2836,1,13,3,4,80,0,1,0,4,1,0,0,0,1,0,0,0,1,0,1,0,0,0,0,0,0,0,1,0,0,0,0,1,0,1,0,0,0,0,1,0
32,79,2,2,4,3,1,4,1005,11864,3068,0,13,3,3,80,0,8,2,2,7,7,3,6,0,1,0,0,1,0,1,0,0,0,1,0,0,0,0,0,0,0,1,0,0,1,0,0,0,0,1,0
21,45,2,10,1,2,1,3,251,25308,2625,1,20,4,3,80,0,2,2,1,2,2,2,2,1,0,0,0,1,0,1,0,0,0,1,0,0,0,0,0,0,0,1,0,0,1,0,0,0,0,1,0
27,43,1,2,4,1,2,4,793,20392,5071,3,20,4,2,80,0,8,3,3,6,2,0,0,0,1,0,0,1,0,0,1,0,0,0,0,0,0,0,1,0,0,1,0,0,1,0,0,0,0,1,0
18,69,3,5,2,3,1,2,1306,8059,1878,1,14,3,4,80,0,0,3,3,0,0,0,0,0,1,0,0,1,0,0,1,0,0,0,0,0,0,0,0,1,0,1,0,0,0,1,0,0,0,0,1
18,54,3,3,3,3,1,3,230,25233,1420,1,13,3,3,80,0,0,2,3,0,0,0,0,0,1,0,0,1,0,1,0,0,0,1,0,0,0,0,0,0,0,0,1,0,1,0,0,0,0,1,0
30,63,2,4,3,2,2,2,1334,19760,5209,1,12,3,2,80,3,11,4,2,11,8,2,7,1,0,1,0,0,0,0,1,0,0,0,0,0,0,0,1,0,0,0,1,0,0,0,1,0,0,0,1
41,94,4,9,3,3,1,1,548,20520,2289,1,20,4,2,80,2,5,2,3,5,3,0,4,0,1,1,0,0,0,1,0,0,0,1,0,0,0,0,0,0,0,0,1,0,1,0,0,0,0,1,0
28,92,3,1,1,3,1,3,1496,15747,2909,3,15,3,4,80,1,5,3,4,3,2,1,2,0,1,0,1,0,0,0,1,0,0,0,0,0,0,0,0,1,0,1,0,0,0,0,0,0,1,1,0
30,55,1,1,4,2,2,4,852,15998,5126,1,12,3,3,80,2,10,1,2,10,8,3,0,0,1,0,1,0,0,1,0,0,0,1,0,0,0,0,0,0,0,0,1,0,1,0,0,0,0,0,1
21,36,3,10,3,2,1,1,1334,17258,1416,1,13,3,1,80,0,1,6,2,1,0,1,0,1,0,0,0,1,0,1,0,0,0,1,0,0,0,0,0,0,0,0,1,0,1,0,0,0,0,1,0
36,81,3,15,1,3,2,3,660,7858,4834,7,14,3,2,80,1,9,3,2,1,0,0,0,0,1,1,0,0,0,1,0,0,0,1,0,0,0,0,0,0,0,0,1,0,0,0,0,1,0,1,0
32,43,3,8,2,3,3,4,967,15589,8998,1,14,3,4,80,0,9,2,3,9,8,3,7,1,0,0,0,1,0,0,1,0,0,0,0,0,0,0,1,0,0,1,0,0,0,1,0,0,0,1,0
38,66,1,10,3,3,1,3,1391,12127,2684,0,17,3,2,80,1,3,0,2,2,1,0,2,0,1,0,1,0,0,1,0,0,0,0,0,0,0,1,0,0,0,1,0,0,0,0,1,0,0,1,0
32,48,4,1,3,3,3,4,801,24032,10422,1,19,3,3,80,2,14,3,3,14,10,5,7,1,0,0,1,0,0,0,1,0,0,0,0,0,0,0,1,0,0,0,1,0,0,1,0,0,0,1,0
27,53,2,5,4,3,1,4,1297,19826,2379,0,14,3,3,80,0,6,3,2,5,4,0,2,1,0,0,0,1,0,1,0,0,0,1,0,0,0,0,0,0,0,1,0,0,1,0,0,0,0,0,1
29,39,1,10,4,2,2,2,144,11866,8268,1,14,3,1,80,2,7,2,3,7,7,1,7,1,0,1,0,0,0,0,1,0,0,0,0,0,0,0,1,0,0,0,1,0,0,1,0,0,0,0,1
29,76,3,2,3,3,1,2,1328,4956,2703,0,23,4,4,80,1,6,3,3,5,4,0,4,0,1,0,1,0,0,1,0,0,0,0,0,0,0,1,0,0,0,0,1,0,1,0,0,0,0,1,0
33,49,3,7,3,3,3,3,213,25995,11691,0,11,3,4,80,0,14,3,4,13,9,3,7,0,1,0,1,0,0,1,0,0,0,0,0,0,1,0,0,0,0,0,1,0,0,0,1,0,0,1,0
50,59,3,9,3,3,5,3,264,19519,19331,4,16,3,3,80,1,27,2,3,1,0,0,0,0,1,0,1,0,0,0,1,0,0,0,1,0,0,0,0,0,0,0,1,0,0,1,0,0,0,0,1
32,33,3,1,1,3,2,4,427,10877,6162,1,22,4,2,80,1,9,3,3,9,8,7,8,0,1,0,1,0,0,1,0,0,0,0,0,1,0,0,0,0,0,0,1,0,0,0,1,0,0,0,1
36,90,3,10,4,3,3,1,1383,25949,8321,7,13,3,4,80,1,15,1,3,12,8,5,7,0,1,0,1,0,0,1,0,1,0,0,0,0,0,0,0,0,0,0,1,0,1,0,0,0,0,0,1
36,80,4,26,1,3,2,3,1351,7419,5347,6,14,3,2,80,2,10,2,2,3,2,0,2,0,1,0,1,0,0,1,0,1,0,0,0,0,0,0,0,0,0,0,1,0,1,0,0,0,0,1,0
38,44,2,7,1,4,2,1,322,19191,5605,1,24,4,3,80,1,8,3,3,8,0,7,7,1,0,1,0,0,0,0,1,0,0,0,0,0,0,0,1,0,0,0,1,0,0,0,1,0,0,0,1
55,85,4,13,1,4,4,3,267,9277,13695,6,17,3,3,80,0,24,2,2,19,7,3,8,0,1,0,0,1,0,0,1,0,0,0,0,0,0,0,1,0,0,0,1,0,0,1,0,0,0,0,1
30,84,3,5,4,3,1,1,201,10415,3204,5,14,3,4,80,1,8,3,3,3,2,2,2,1,0,1,0,0,0,1,0,0,0,0,0,0,0,1,0,0,0,0,1,0,0,0,0,0,1,1,0
45,65,2,2,1,2,4,4,1195,20462,16792,9,23,4,4,80,1,22,1,3,20,8,11,8,0,1,0,1,0,0,1,0,0,0,0,1,0,0,0,0,0,1,0,0,0,0,0,1,0,0,1,0
37,95,3,14,4,3,1,1,1107,26914,3034,1,12,3,3,80,1,18,2,2,18,7,12,17,1,0,1,0,0,0,1,0,0,0,1,0,0,0,0,0,0,0,0,1,0,1,0,0,0,0,1,0
51,84,3,2,4,1,2,2,1302,16321,5482,5,18,3,4,80,1,13,3,3,4,1,1,2,0,1,1,0,0,0,1,0,0,0,0,0,1,0,0,0,0,0,0,1,0,0,0,1,0,0,1,0
30,61,4,29,3,3,2,1,1329,13192,4115,8,19,3,3,80,3,8,3,3,4,3,0,3,0,1,1,0,0,0,0,1,0,0,0,0,0,0,0,1,0,0,0,1,0,1,0,0,0,0,1,0
29,35,3,27,2,3,3,4,121,24525,7639,1,22,4,4,80,3,10,3,2,10,4,1,9,1,0,0,1,0,0,0,1,0,0,0,0,0,0,0,1,0,0,0,1,0,0,1,0,0,0,1,0
32,36,1,2,3,3,2,2,499,20497,4078,0,13,3,1,80,3,4,3,2,3,2,1,2,0,1,0,1,0,0,0,1,0,0,0,0,0,0,0,1,0,0,0,1,0,0,1,0,0,0,0,1
39,41,4,19,4,3,2,4,835,5141,3902,8,14,3,2,80,3,7,2,3,2,2,2,2,0,1,1,0,0,0,1,0,0,0,0,0,0,0,1,0,0,0,0,1,0,0,0,0,1,0,1,0
37,54,1,4,3,3,1,3,1439,5182,2996,7,15,3,4,80,0,8,2,3,6,4,1,3,0,1,0,1,0,0,1,0,0,0,0,0,0,0,1,0,0,0,0,1,0,1,0,0,0,0,0,1
36,65,4,7,2,3,1,4,188,23293,4678,2,18,3,3,80,0,8,6,3,6,2,0,1,0,1,0,0,1,0,1,0,0,0,0,0,0,0,1,0,0,0,0,1,0,0,0,0,1,0,1,0
38,80,3,1,4,3,3,1,1333,16292,13582,1,13,3,2,80,1,15,3,3,15,12,5,11,1,0,0,1,0,0,1,0,0,0,0,0,0,1,0,0,0,0,0,1,0,0,0,0,0,1,1,0
48,96,3,7,3,3,2,1,1221,24795,5486,4,11,3,1,80,3,15,3,3,2,2,2,2,0,1,1,0,0,0,0,1,0,0,0,0,0,0,0,1,0,0,0,1,0,0,1,0,0,0,1,0
26,71,2,1,1,1,1,4,575,5288,4364,3,14,3,1,80,1,5,2,3,2,2,2,0,1,0,1,0,0,0,1,0,0,0,1,0,0,0,0,0,0,0,1,0,0,1,0,0,0,0,1,0
33,72,3,14,4,3,1,2,931,4673,2756,1,13,3,4,80,1,8,5,3,8,7,1,6,1,0,0,1,0,0,1,0,0,0,0,0,0,0,1,0,0,0,0,1,0,0,0,1,0,0,1,0
57,83,2,24,3,4,3,4,334,23402,9439,3,16,3,2,80,1,12,2,1,5,3,1,4,0,1,1,0,0,0,1,0,1,0,0,0,0,0,0,0,0,0,0,1,0,1,0,0,0,0,0,1
38,42,3,2,4,2,1,2,148,23826,2440,1,22,4,2,80,0,4,3,3,4,3,3,3,1,0,0,0,1,0,1,0,0,0,1,0,0,0,0,0,0,0,1,0,0,0,0,1,0,0,1,0
42,31,3,10,3,3,4,1,1147,16616,16799,0,14,3,3,80,1,21,5,3,20,7,0,9,1,0,0,1,0,1,0,0,0,0,0,1,0,0,0,0,0,0,0,1,1,0,0,0,0,0,1,0
36,48,4,3,1,2,3,4,541,7246,9699,4,11,3,1,80,1,16,2,3,13,9,1,12,0,1,0,1,0,0,0,1,0,0,0,0,0,0,0,1,0,0,1,0,0,0,0,1,0,0,1,0
51,83,3,9,4,3,5,2,237,19196,19847,4,24,4,1,80,1,31,5,2,29,10,11,10,0,1,1,0,0,0,0,1,0,0,0,1,0,0,0,0,0,0,1,0,0,1,0,0,0,0,0,1
45,97,3,7,1,3,3,1,1249,20308,5210,1,18,3,1,80,1,24,2,3,24,9,9,11,0,1,1,0,0,0,1,0,0,0,1,0,0,0,0,0,0,0,1,0,0,1,0,0,0,0,1,0
40,52,4,2,3,2,1,3,1322,2725,2809,2,14,3,4,80,0,8,2,3,2,2,2,2,0,1,0,0,1,0,1,0,0,0,0,0,0,0,1,0,0,0,0,1,0,1,0,0,0,0,1,0
43,85,3,9,1,1,2,3,1372,9489,5346,8,13,3,2,80,0,7,2,2,4,3,1,3,1,0,0,0,1,0,0,1,0,0,0,0,0,0,0,1,0,0,0,1,0,0,1,0,0,0,1,0
35,30,4,23,3,3,1,1,1142,16002,4014,3,15,3,3,80,1,4,3,3,2,2,2,2,1,0,0,1,0,0,1,0,0,0,1,0,0,0,0,0,0,0,0,1,0,0,0,1,0,0,0,1
26,53,2,4,3,3,1,4,583,9973,2875,1,20,4,2,80,0,8,2,2,8,5,2,2,0,1,0,0,1,0,1,0,0,0,0,0,0,0,1,0,0,0,0,1,0,1,0,0,0,0,0,1
31,30,1,24,4,3,2,4,163,6670,5238,2,20,4,4,80,0,9,3,2,5,4,1,4,1,0,0,0,1,0,1,0,0,0,0,0,1,0,0,0,0,0,1,0,0,0,0,0,0,1,1,0
37,42,3,10,3,4,3,4,161,15471,13744,1,25,4,1,80,1,16,2,3,16,11,6,8,1,0,0,1,0,0,1,0,0,0,0,0,0,1,0,0,0,0,0,1,0,1,0,0,0,0,0,1
34,66,2,15,3,3,2,1,507,23553,6125,1,12,3,4,80,0,10,6,4,10,8,9,6,1,0,0,0,1,0,0,1,0,0,0,0,0,0,0,1,0,0,0,1,0,0,0,1,0,0,1,0
53,59,3,7,3,4,4,3,970,13514,14814,3,19,3,3,80,0,32,3,3,5,1,1,3,0,1,0,1,0,0,1,0,0,0,0,0,0,1,0,0,0,0,0,1,0,1,0,0,0,0,1,0
40,88,4,7,2,3,5,2,611,4349,19833,1,14,3,2,80,0,21,3,2,21,8,12,8,0,1,0,0,1,0,0,1,0,0,0,1,0,0,0,0,0,0,0,1,0,0,0,1,0,0,1,0
47,82,3,9,3,1,4,3,1093,24164,12936,7,11,3,3,80,0,25,3,1,23,5,14,10,0,1,0,1,0,0,0,1,0,0,0,0,0,0,0,1,0,0,1,0,0,1,0,0,0,0,1,0
30,85,2,25,4,3,2,3,641,6069,4736,7,12,3,2,80,1,4,2,4,2,2,2,2,1,0,0,1,0,0,0,1,0,0,0,0,0,0,0,1,0,1,0,0,0,0,0,0,0,1,0,1
31,41,4,7,2,2,1,3,154,11737,2329,3,15,3,2,80,0,13,2,4,7,7,5,2,0,1,0,1,0,0,0,1,0,0,0,0,0,0,0,0,1,0,0,1,0,1,0,0,0,0,1,0
52,31,4,3,3,2,4,1,621,10084,16856,1,11,3,1,80,0,34,3,4,34,6,1,16,0,1,0,1,0,0,0,1,0,0,0,1,0,0,0,0,0,0,0,1,0,0,1,0,0,0,1,0
26,84,3,1,3,3,2,2,1479,26767,6397,1,20,4,1,80,1,6,6,1,6,5,1,4,1,0,1,0,0,0,1,0,0,0,0,0,1,0,0,0,0,0,1,0,0,1,0,0,0,0,1,0
44,37,5,1,1,3,2,4,602,10503,5743,4,11,3,3,80,0,14,3,3,10,7,0,2,0,1,0,1,0,1,0,0,0,1,0,0,0,0,0,0,0,0,1,0,1,0,0,0,0,0,0,1
45,74,3,9,4,3,3,1,930,19239,10761,4,12,3,3,80,1,18,2,3,5,4,0,2,0,1,1,0,0,0,0,1,0,0,0,0,0,0,0,1,0,0,0,1,0,0,1,0,0,0,0,1
20,98,3,11,4,2,1,1,1097,18275,2600,1,15,3,1,80,0,1,2,3,1,0,0,0,1,0,0,0,1,0,1,0,0,0,0,0,0,0,1,0,0,0,0,1,0,0,0,1,0,0,0,1
28,42,3,21,3,3,1,4,440,6672,2713,1,11,3,3,80,1,5,2,1,5,2,0,2,0,1,0,1,0,0,1,0,0,0,0,0,0,0,1,0,0,0,0,1,0,0,0,1,0,0,1,0
39,44,4,21,1,2,2,4,1498,3567,6120,3,12,3,4,80,2,8,2,4,5,4,1,4,0,1,0,1,0,0,0,1,0,0,0,0,0,0,0,1,0,0,0,1,0,1,0,0,0,0,0,1
37,85,3,19,3,3,2,3,671,26493,5768,3,17,3,1,80,3,9,2,2,4,3,0,2,0,1,0,1,0,0,1,0,0,0,0,0,1,0,0,0,0,0,0,1,0,1,0,0,0,0,1,0
31,67,4,5,1,3,2,4,1112,22589,5476,1,11,3,1,80,2,10,2,3,10,0,0,2,1,0,0,1,0,0,0,1,0,0,0,0,0,0,0,1,0,0,0,1,0,1,0,0,0,0,1,0
34,86,4,2,3,2,1,1,121,7530,4381,1,11,3,3,80,0,6,3,3,6,5,1,3,1,0,0,0,1,0,1,0,0,0,0,0,0,0,1,0,0,0,0,1,0,0,0,1,0,0,1,0
37,65,4,1,2,3,2,2,446,15701,6447,6,12,3,2,80,1,8,2,2,6,5,4,3,1,0,0,1,0,0,1,0,0,0,0,0,1,0,0,0,0,0,0,1,0,1,0,0,0,0,1,0
28,84,3,1,4,3,1,1,640,4732,2080,2,11,3,2,80,0,5,2,2,3,2,1,2,0,1,0,0,1,0,1,0,0,0,0,0,0,0,1,0,0,0,0,1,0,0,0,0,0,1,1,0
31,86,4,5,3,3,1,4,691,10077,4821,0,12,3,3,80,1,6,4,3,5,2,0,3,0,1,0,1,0,0,1,0,0,0,0,0,0,0,1,0,0,0,0,1,0,0,0,0,0,1,0,1
50,43,3,28,4,3,4,1,1322,22422,16880,4,11,3,2,80,0,25,2,3,3,2,1,2,1,0,0,1,0,0,1,0,0,0,0,0,0,1,0,0,0,0,0,1,0,1,0,0,0,0,0,1
43,38,3,17,3,2,1,3,807,15587,2437,9,16,3,4,80,1,6,4,3,1,0,0,0,0,1,0,1,0,0,1,0,0,0,0,0,0,0,1,0,0,0,1,0,0,0,0,0,0,1,0,1
27,85,1,2,3,3,1,1,1420,16346,3041,0,11,3,2,80,1,5,3,3,4,3,0,2,0,1,1,0,0,0,0,1,0,0,0,0,0,0,0,0,1,0,0,1,0,0,1,0,0,0,1,0
45,30,2,4,3,3,2,1,1268,6319,5006,4,11,3,1,80,1,9,3,4,5,4,0,3,1,0,1,0,0,0,0,1,0,0,0,0,0,0,0,1,0,0,0,1,0,1,0,0,0,0,0,1
54,30,3,26,4,4,4,4,142,13871,17328,2,12,3,3,80,0,23,3,3,5,3,4,4,1,0,0,0,1,1,0,0,0,0,0,1,0,0,0,0,0,1,0,0,1,0,0,0,0,0,0,1
35,43,4,11,4,3,1,3,1490,20232,2660,7,11,3,3,80,1,5,3,3,2,2,2,2,0,1,0,1,0,0,1,0,0,0,1,0,0,0,0,0,0,0,0,1,0,0,0,1,0,0,0,1
30,62,2,8,3,3,3,3,231,9977,7264,5,11,3,1,80,1,10,2,4,8,4,7,7,0,1,1,0,0,0,0,1,0,0,0,0,0,0,0,1,0,0,0,1,0,0,0,0,1,0,1,0
22,85,2,26,2,2,1,3,457,10293,2814,1,14,3,2,80,0,4,2,2,4,2,1,3,1,0,0,1,0,0,1,0,0,0,0,0,0,0,1,0,0,1,0,0,0,0,0,0,1,0,0,1
55,71,4,26,3,4,5,2,189,25811,19636,4,18,3,1,80,1,35,0,3,10,9,1,4,0,1,0,1,0,1,0,0,0,0,0,1,0,0,0,0,0,0,0,1,1,0,0,0,0,0,0,1
54,68,4,7,4,3,2,4,431,15696,6854,4,15,3,2,80,1,14,2,2,7,1,1,7,1,0,0,1,0,0,1,0,0,0,0,0,0,0,1,0,0,0,0,1,0,0,0,1,0,0,1,0
31,90,4,1,3,1,2,3,979,4381,4345,0,12,3,4,80,1,6,2,3,5,4,1,4,0,1,0,1,0,0,1,0,0,0,0,0,1,0,0,0,0,1,0,0,0,0,0,1,0,0,1,0
20,49,3,2,3,2,1,3,500,22052,2044,1,13,3,4,80,0,2,3,2,2,2,0,2,1,0,0,0,1,0,0,1,0,0,0,0,0,0,0,0,1,0,0,1,0,0,0,1,0,0,1,0
49,61,1,8,3,2,2,2,279,24907,5130,1,23,4,4,80,1,10,3,3,10,7,1,7,0,1,0,1,0,0,1,0,0,0,0,0,0,0,1,0,0,0,1,0,0,1,0,0,0,0,1,0
37,72,5,25,2,3,2,3,1063,23866,4449,3,15,3,1,80,2,15,2,3,13,11,10,7,1,0,0,1,0,0,1,0,0,0,0,0,0,0,1,0,0,1,0,0,0,0,0,1,0,0,0,1
25,57,1,2,4,3,1,3,977,7298,3977,6,19,3,3,80,1,7,2,2,2,2,0,2,0,1,1,0,0,0,1,0,0,0,1,0,0,0,0,0,0,0,0,1,0,0,0,0,1,0,0,1
29,87,1,3,2,3,1,1,1370,16213,4723,1,18,3,4,80,0,10,3,3,10,9,1,5,0,1,0,0,1,0,1,0,0,0,1,0,0,0,0,0,0,0,0,1,0,0,0,1,0,0,0,1
28,78,3,3,2,3,1,2,1172,3692,2856,1,19,3,4,80,1,1,3,3,1,0,0,0,1,0,0,1,0,0,0,1,0,0,0,0,0,0,0,0,1,0,0,1,0,0,0,1,0,0,1,0
41,56,3,14,1,3,1,3,465,4609,2451,4,12,3,1,80,1,13,2,3,9,8,1,8,0,1,1,0,0,0,1,0,0,0,0,0,0,0,1,0,0,0,0,1,0,1,0,0,0,0,1,0
31,45,2,20,4,3,2,3,1188,24406,6932,1,13,3,4,80,1,9,2,2,9,8,0,0,1,0,0,1,0,0,0,1,0,0,0,0,0,0,0,1,0,1,0,0,0,0,1,0,0,0,1,0
30,96,1,16,4,3,2,3,1358,2939,5301,8,15,3,3,80,2,4,2,2,2,1,2,2,0,1,0,1,0,0,0,1,0,0,0,0,0,0,0,1,0,0,0,1,0,1,0,0,0,0,1,0
36,73,1,18,2,3,1,4,635,7703,2153,1,13,3,1,80,0,8,2,3,8,1,1,7,1,0,0,0,1,0,1,0,0,0,1,0,0,0,0,0,0,0,1,0,0,0,0,1,0,0,1,0
54,85,3,3,4,3,4,4,685,23474,17779,3,14,3,1,80,0,36,2,3,10,9,0,9,0,1,0,1,0,0,1,0,0,0,0,0,0,1,0,0,0,0,0,1,0,1,0,0,0,0,1,0
38,32,2,2,4,3,3,2,130,20619,7351,7,16,3,3,80,0,10,2,3,1,0,0,0,0,1,0,0,1,0,0,1,0,0,0,0,0,0,0,1,0,0,0,1,0,0,1,0,0,0,1,0
38,88,4,2,4,3,2,3,1261,7259,6553,9,14,3,2,80,0,14,3,3,1,0,0,0,0,1,0,1,0,0,1,0,0,0,0,0,1,0,0,0,0,0,0,1,0,1,0,0,0,0,1,0
38,44,3,23,4,2,3,3,216,8787,9526,0,21,4,2,80,0,10,2,3,9,7,1,8,0,1,0,0,1,0,1,0,0,0,0,0,1,0,0,0,0,0,1,0,0,1,0,0,0,0,1,0
28,78,4,19,4,2,1,1,1179,12449,3196,1,12,3,3,80,3,6,2,3,6,5,3,3,0,1,0,1,0,0,1,0,0,0,1,0,0,0,0,0,0,0,0,1,0,0,0,1,0,0,1,0
34,75,4,1,2,4,2,4,216,12278,9725,0,11,3,4,80,1,16,2,2,15,1,0,9,0,1,1,0,0,0,0,1,0,0,0,0,0,0,0,1,0,0,0,1,0,0,1,0,0,0,1,0
36,45,5,1,4,3,2,4,845,15276,6653,4,15,3,2,80,0,7,6,3,1,0,0,0,1,0,0,0,1,0,0,1,0,0,0,0,0,0,0,1,0,1,0,0,0,0,0,1,0,0,1,0
29,73,2,24,4,2,1,4,459,14753,2439,1,24,4,2,80,0,1,3,2,1,0,1,0,0,1,0,0,1,0,1,0,0,0,0,0,0,0,1,0,0,0,1,0,0,1,0,0,0,0,0,1
54,31,4,20,4,3,2,3,928,16885,4869,3,12,3,4,80,0,20,4,2,4,3,0,3,1,0,0,0,1,0,1,0,0,0,0,0,0,0,1,0,0,0,1,0,0,1,0,0,0,0,1,0
36,81,4,18,3,4,1,4,566,7122,3688,4,18,3,4,80,2,4,2,3,1,0,0,0,0,1,0,1,0,0,1,0,0,0,1,0,0,0,0,0,0,0,1,0,0,1,0,0,0,0,1,0
36,100,4,11,2,2,2,4,1120,14369,6652,4,13,3,1,80,1,8,2,2,6,3,0,0,1,0,0,1,0,0,0,1,0,0,0,0,0,0,0,1,0,0,0,1,0,0,1,0,0,0,1,0
32,62,4,1,4,3,2,1,1200,25174,4087,4,14,3,2,80,1,9,3,2,6,5,1,2,0,1,0,1,0,0,1,0,0,0,0,0,0,0,1,0,0,1,0,0,0,0,0,0,0,1,1,0
60,84,4,16,1,3,2,1,1179,11924,5405,8,14,3,4,80,0,10,1,3,2,2,2,2,0,1,0,0,1,0,0,1,0,0,0,0,0,0,0,1,0,0,0,1,0,0,1,0,0,0,1,0
33,90,4,8,4,4,1,1,867,6076,3143,6,19,3,2,80,1,14,1,3,10,8,7,6,0,1,0,1,0,0,1,0,0,0,0,0,0,0,1,0,0,0,0,1,0,1,0,0,0,0,1,0
38,90,3,1,4,3,2,4,1189,9867,4735,7,15,3,4,80,2,19,4,4,13,11,2,9,0,1,0,1,0,0,1,0,0,0,0,0,0,0,1,0,0,0,1,0,0,1,0,0,0,0,1,0
29,69,1,15,2,1,1,4,942,26933,2168,0,18,3,1,80,1,6,2,2,5,4,1,3,1,0,0,1,0,0,1,0,0,0,0,0,0,0,1,0,0,0,0,1,0,1,0,0,0,0,0,1
53,34,1,1,4,3,2,1,238,7507,8381,7,20,4,4,80,0,18,2,4,14,7,8,10,1,0,0,0,1,0,0,1,0,0,0,0,0,0,0,1,0,0,0,1,0,0,0,1,0,0,1,0
55,37,2,20,2,3,2,4,147,15972,5415,3,19,3,4,80,1,12,4,3,10,7,0,8,0,1,0,1,0,0,1,0,0,0,1,0,0,0,0,0,0,0,0,1,0,0,0,0,0,1,0,1
50,100,3,10,4,2,3,4,1046,2755,10496,6,15,3,4,80,0,20,2,3,4,3,1,3,0,1,0,0,1,0,1,0,1,0,0,0,0,0,0,0,0,0,0,1,0,0,0,0,0,1,1,0
35,36,1,8,4,4,1,4,1229,4892,2269,1,19,3,4,80,0,1,2,3,1,0,0,1,0,1,0,1,0,0,1,0,0,0,1,0,0,0,0,0,0,0,0,1,0,1,0,0,0,0,1,0
46,64,3,10,3,3,3,2,1254,14011,7314,5,21,4,3,80,3,14,2,3,8,7,0,7,1,0,0,1,0,0,0,1,0,0,0,0,0,0,0,1,0,0,0,1,0,1,0,0,0,0,1,0
23,93,1,8,4,2,1,3,1320,20586,3989,1,11,3,1,80,0,5,2,3,5,4,1,2,0,1,0,0,1,0,1,0,0,0,1,0,0,0,0,0,0,0,0,1,0,0,0,1,0,0,0,1
54,60,4,2,1,3,3,3,1217,24001,13549,9,12,3,1,80,1,16,5,1,4,3,0,3,1,0,0,1,0,0,1,0,0,0,0,0,0,1,0,0,0,0,0,1,0,0,0,0,0,1,1,0
25,36,2,19,3,2,1,2,867,18798,2413,1,18,3,3,80,3,1,2,3,1,0,0,0,0,1,0,1,0,0,0,1,0,0,0,0,0,0,0,0,1,0,0,1,0,0,1,0,0,0,0,1
28,94,3,9,4,3,1,4,1158,2613,2070,1,23,4,4,80,1,5,3,2,5,2,0,4,0,1,0,1,0,0,1,0,0,0,0,0,0,0,1,0,0,0,0,1,0,0,0,1,0,0,1,0
56,49,3,7,4,1,3,4,1400,21698,7260,4,11,3,1,80,0,37,3,2,6,4,0,2,0,1,0,0,1,0,1,0,0,0,0,0,1,0,0,0,0,0,0,1,0,1,0,0,0,0,1,0
44,96,4,10,3,3,1,3,1097,10826,2936,1,11,3,3,80,0,6,4,3,6,4,0,2,0,1,0,0,1,0,1,0,0,0,0,0,0,0,1,0,0,0,0,1,0,1,0,0,0,0,0,1
45,77,4,7,1,4,2,3,1199,5118,6434,4,17,3,4,80,1,9,1,3,3,2,0,2,0,1,0,1,0,0,1,0,0,0,0,0,1,0,0,0,0,0,1,0,0,1,0,0,0,0,1,0
38,85,3,10,3,3,2,4,152,19899,5666,1,13,3,2,80,0,6,1,3,5,3,1,3,1,0,0,0,1,0,0,1,0,0,0,0,0,0,0,1,0,1,0,0,0,0,0,0,0,1,0,1
48,65,4,15,3,3,1,1,1108,16530,2367,8,12,3,4,80,1,10,3,2,8,2,7,6,1,0,0,1,0,0,1,0,0,0,0,0,0,0,1,0,0,0,0,1,0,0,0,0,1,0,1,0
33,39,4,8,3,3,2,3,1216,20431,7104,0,12,3,4,80,0,6,3,3,5,0,1,2,0,1,1,0,0,0,0,1,0,0,0,0,0,0,0,1,0,0,0,1,0,0,1,0,0,0,1,0
40,48,4,5,4,2,3,1,580,23772,10475,5,21,4,3,80,1,20,2,3,18,13,1,12,0,1,0,1,0,0,0,1,0,0,0,0,0,0,0,1,0,0,1,0,0,1,0,0,0,0,0,1
38,70,1,29,2,3,2,1,1180,11354,6673,7,19,3,2,80,0,17,2,3,1,0,0,0,0,1,0,1,0,0,1,0,1,0,0,0,0,0,0,0,0,0,0,1,0,0,0,1,0,0,0,1
41,57,3,3,3,2,2,2,930,12227,8938,2,11,3,3,80,1,14,5,3,5,4,0,4,0,1,1,0,0,0,0,1,0,0,0,0,0,0,0,1,0,0,0,1,0,1,0,0,0,0,1,0
39,76,2,3,3,2,2,3,170,10302,3069,0,15,3,4,80,1,11,3,3,10,8,0,7,0,1,1,0,0,0,1,0,0,0,1,0,0,0,0,0,0,0,0,1,0,0,0,1,0,0,1,0
41,40,2,10,3,1,2,2,256,22074,6151,1,13,3,1,80,0,19,4,3,19,2,11,9,0,1,0,0,1,0,0,1,0,0,0,0,0,0,0,1,0,1,0,0,0,0,0,1,0,0,1,0
33,38,3,17,4,3,4,3,722,20489,17444,1,11,3,4,80,0,10,2,3,10,8,6,0,0,1,0,0,1,0,0,1,0,0,0,1,0,0,0,0,0,1,0,0,0,1,0,0,0,0,1,0
24,55,3,7,1,3,1,3,1287,14168,2886,1,16,3,4,80,1,6,4,3,6,3,1,2,1,0,0,1,0,0,1,0,0,0,1,0,0,0,0,0,0,0,1,0,0,1,0,0,0,0,0,1
38,81,3,1,3,3,3,3,168,15397,7861,4,14,3,4,80,0,10,4,4,1,0,0,0,1,0,0,0,1,0,1,0,0,0,0,0,1,0,0,0,0,0,0,1,0,1,0,0,0,0,0,1
36,77,3,8,1,2,1,1,1278,8635,2342,0,21,4,3,80,0,6,3,3,5,4,0,3,0,1,0,1,0,1,0,0,0,1,0,0,0,0,0,0,0,0,0,1,0,1,0,0,0,0,1,0
29,42,1,1,2,3,3,4,1413,6599,7918,1,14,3,4,80,1,11,5,3,11,10,4,1,1,0,0,1,0,0,0,1,0,0,0,0,0,0,0,1,0,0,1,0,0,0,0,1,0,0,1,0
33,53,1,13,2,3,1,4,461,17241,3452,3,18,3,1,80,0,5,4,3,3,2,0,2,1,0,0,0,1,0,1,0,0,0,0,0,0,0,1,0,0,0,0,1,0,1,0,0,0,0,1,0
29,93,4,3,2,2,3,3,986,21526,11935,1,18,3,3,80,0,10,2,3,10,2,0,7,0,1,0,1,0,0,1,0,0,0,0,0,0,1,0,0,0,0,0,1,0,0,0,1,0,0,1,0
37,63,4,6,3,3,1,1,807,23648,2073,4,22,4,4,80,0,7,3,3,3,2,0,2,0,1,1,0,0,1,0,0,0,1,0,0,0,0,0,0,0,0,0,1,1,0,0,0,0,0,0,1
38,92,2,15,3,2,3,4,343,15682,11510,0,14,3,2,80,1,12,3,3,11,10,2,9,0,1,1,0,0,0,1,0,0,0,0,0,0,1,0,0,0,0,0,1,0,1,0,0,0,0,0,1
45,74,1,1,3,2,3,3,1238,3395,10748,3,23,4,4,80,1,25,3,2,23,15,14,4,0,1,0,1,0,0,1,0,1,0,0,0,0,0,0,0,0,1,0,0,0,1,0,0,0,0,1,0
24,60,3,9,3,2,1,2,1092,26551,2694,1,11,3,3,80,3,1,4,3,1,0,0,0,0,1,1,0,0,0,1,0,0,0,1,0,0,0,0,0,0,1,0,0,0,1,0,0,0,0,1,0
36,79,4,2,3,3,1,3,938,12287,2519,4,21,4,3,80,0,16,6,3,11,8,3,9,0,1,0,0,1,0,1,0,0,0,1,0,0,0,0,0,0,0,0,1,0,0,0,1,0,0,1,0
24,96,2,11,1,4,2,3,673,8232,4011,0,18,3,4,80,1,5,5,2,4,2,1,3,1,0,1,0,0,0,1,0,0,0,0,0,1,0,0,0,0,1,0,0,0,0,0,0,1,0,1,0
35,66,3,9,4,2,3,3,607,23457,10685,1,20,4,2,80,1,17,2,3,17,14,5,15,1,0,0,1,0,0,1,0,0,0,0,0,1,0,0,0,0,0,0,1,0,1,0,0,0,0,0,1
52,81,4,25,3,2,4,4,890,19028,13826,3,22,4,3,80,0,31,3,3,9,8,0,0,1,0,0,1,0,0,1,0,0,0,0,0,1,0,0,0,0,0,1,0,0,0,0,1,0,0,1,0
54,95,4,19,4,3,2,1,376,22670,5485,9,11,3,2,80,2,9,4,3,5,3,1,4,1,0,1,0,0,0,1,0,0,0,0,0,1,0,0,0,0,0,0,1,0,0,0,1,0,0,0,1
45,59,3,7,2,3,3,1,1339,18787,9724,2,17,3,3,80,1,25,2,3,1,0,0,0,0,1,1,0,0,0,1,0,0,0,0,0,0,0,1,0,0,0,0,1,0,1,0,0,0,0,1,0
39,76,5,10,2,3,2,1,1387,3835,5377,2,13,3,4,80,3,10,3,3,7,7,7,7,0,1,0,1,0,0,1,0,0,0,0,0,1,0,0,0,0,0,0,1,0,0,0,1,0,0,1,0
45,61,3,2,4,3,2,2,561,16177,4805,0,19,3,2,80,1,9,3,4,8,7,3,7,0,1,0,1,0,0,0,1,0,0,0,0,0,0,0,1,0,0,0,1,0,0,0,0,1,0,1,0
35,96,4,25,4,3,1,2,130,16612,2022,1,19,3,1,80,1,10,3,2,10,2,7,8,1,0,1,0,0,0,1,0,0,0,0,0,0,0,1,0,0,0,1,0,0,1,0,0,0,0,0,1
39,99,1,10,3,3,4,1,117,5355,17068,1,14,3,4,80,0,21,3,3,21,9,11,10,0,1,0,1,0,0,1,0,0,0,0,1,0,0,0,0,0,0,0,1,0,0,0,1,0,0,0,1
34,83,2,1,2,2,1,4,254,22794,3622,1,13,3,4,80,1,6,3,3,6,5,1,3,0,1,0,1,0,0,1,0,0,0,0,0,0,0,1,0,0,0,0,1,0,1,0,0,0,0,0,1
45,57,3,6,4,2,3,4,1052,16840,8865,6,12,3,4,80,0,23,2,3,19,7,12,8,1,0,0,0,1,0,0,1,0,0,0,0,0,0,0,1,0,1,0,0,0,0,0,1,0,0,1,0
25,82,3,2,3,3,1,2,309,19655,2187,4,14,3,3,80,0,6,3,3,2,0,1,2,1,0,0,1,0,1,0,0,0,1,0,0,0,0,0,0,0,0,0,1,1,0,0,0,0,0,1,0
37,80,4,1,1,3,3,4,728,11677,13603,2,18,3,1,80,2,15,2,3,5,2,0,2,1,0,1,0,0,0,1,0,0,0,0,0,0,1,0,0,0,1,0,0,0,0,0,1,0,0,0,1
22,79,1,8,3,3,1,1,1294,15999,2398,1,17,3,3,80,0,1,6,3,1,0,0,0,1,0,0,1,0,0,1,0,0,0,1,0,0,0,0,0,0,0,0,1,0,0,0,1,0,0,0,1
45,50,5,5,3,1,2,1,1015,23447,5769,1,14,3,1,80,0,10,3,3,10,7,1,4,1,0,0,0,1,0,1,0,0,0,1,0,0,0,0,0,0,0,0,1,0,0,0,1,0,0,0,1
42,40,3,2,4,3,3,4,288,18611,10124,2,14,3,3,80,1,24,3,1,20,8,13,9,0,1,0,1,0,0,1,0,1,0,0,0,0,0,0,0,0,0,1,0,0,1,0,0,0,0,0,1
34,95,2,27,4,3,1,2,629,5711,2311,2,15,3,4,80,0,9,3,3,3,2,1,2,1,0,0,0,1,0,1,0,0,0,0,0,0,0,1,0,0,0,0,1,0,0,0,1,0,0,1,0
34,32,5,8,2,3,2,1,167,4187,5121,3,14,3,3,80,1,7,3,3,0,0,0,0,1,0,1,0,0,0,1,0,0,0,0,0,1,0,0,0,0,0,0,1,0,1,0,0,0,0,1,0
49,36,3,1,3,3,4,3,809,22384,15379,4,14,3,1,80,0,23,2,3,8,7,0,0,0,1,0,0,1,0,1,0,0,0,0,1,0,0,0,0,0,0,0,1,0,1,0,0,0,0,1,0
36,59,3,8,3,3,3,3,1223,8202,10096,1,13,3,2,80,3,17,2,3,17,14,12,8,1,0,1,0,0,0,1,0,1,0,0,0,0,0,0,0,0,0,0,1,0,0,0,0,0,1,1,0
29,60,3,15,3,3,1,4,665,22673,2340,1,19,3,1,80,0,6,1,3,6,5,1,5,0,1,0,0,1,0,1,0,0,0,0,0,0,0,1,0,0,0,0,1,0,1,0,0,0,0,1,0
27,55,3,6,4,2,1,3,199,7950,2539,1,13,3,3,80,1,4,0,3,4,2,2,2,0,1,0,1,0,0,1,0,0,0,0,0,0,0,1,0,0,0,0,1,0,1,0,0,0,0,1,0
36,94,1,2,2,2,2,4,1213,4223,3886,1,21,4,4,80,0,10,2,2,10,1,0,8,0,1,0,0,1,1,0,0,0,1,0,0,0,0,0,0,0,0,1,0,1,0,0,0,0,0,1,0
35,76,1,7,4,3,1,3,660,16192,2404,1,13,3,1,80,1,1,3,3,1,0,0,0,0,1,0,1,0,0,0,1,0,0,0,0,0,0,0,0,1,0,0,1,0,1,0,0,0,0,1,0
43,61,3,21,4,3,1,4,313,15238,2258,7,20,4,1,80,1,8,1,3,3,2,1,2,0,1,0,1,0,0,1,0,0,0,1,0,0,0,0,0,0,0,1,0,0,0,0,1,0,0,1,0
35,68,3,1,4,2,1,1,992,21731,2450,1,19,3,2,80,0,3,3,3,3,0,1,2,0,1,0,0,1,0,1,0,0,0,1,0,0,0,0,0,0,0,0,1,0,0,0,1,0,0,1,0
53,38,3,2,3,2,3,2,124,23537,7525,2,12,3,1,80,1,30,2,3,15,7,6,12,1,0,0,1,0,0,0,1,0,0,0,0,0,0,0,1,0,0,1,0,0,0,1,0,0,0,1,0
31,66,4,6,1,4,2,4,525,6219,5460,4,22,4,4,80,2,13,4,4,7,7,5,7,0,1,1,0,0,0,0,1,0,0,0,0,0,0,0,1,0,0,0,1,0,0,0,1,0,0,1,0
50,88,5,22,3,1,4,4,333,24450,14411,1,13,3,4,80,0,32,2,3,32,6,13,9,0,1,0,0,1,0,1,0,0,0,0,0,0,1,0,0,0,0,1,0,0,0,0,1,0,0,0,1
25,81,3,1,1,3,1,4,949,4910,3229,4,11,3,2,80,1,7,2,2,3,2,0,2,0,1,0,1,0,0,1,0,0,0,1,0,0,0,0,0,0,0,0,1,0,0,0,0,0,1,1,0
39,42,1,6,4,2,3,1,613,21457,9991,4,15,3,1,80,1,9,5,3,7,7,1,7,0,1,0,1,0,0,1,0,1,0,0,0,0,0,0,0,0,0,0,1,0,0,0,1,0,0,1,0
34,53,4,7,1,3,3,2,419,21293,11994,0,11,3,3,80,0,13,4,3,12,6,2,11,1,0,0,0,1,0,1,0,0,0,0,0,0,1,0,0,0,0,0,1,0,1,0,0,0,0,1,0
35,59,3,7,3,3,3,3,950,18869,10221,3,21,4,2,80,0,17,3,4,8,5,1,6,0,1,0,0,1,0,1,0,0,0,0,0,1,0,0,0,0,0,0,1,0,0,0,0,1,0,1,0
20,87,3,3,1,2,1,3,805,12828,3033,1,12,3,1,80,0,2,2,2,2,2,1,2,0,1,0,0,1,0,1,0,0,0,1,0,0,0,0,0,0,0,0,1,0,1,0,0,0,0,1,0
27,40,1,2,1,3,1,2,591,16632,3468,9,12,3,4,80,1,6,3,3,2,2,2,2,0,1,0,1,0,0,1,0,0,0,1,0,0,0,0,0,0,0,0,1,0,0,0,1,0,0,1,0
27,74,3,2,4,3,2,3,1377,5242,4478,1,11,3,1,80,0,5,3,3,5,4,0,4,0,1,0,0,1,0,0,1,0,0,0,0,0,0,0,1,0,0,0,1,0,1,0,0,0,0,0,1
52,70,2,1,4,3,4,4,1053,13829,17099,2,15,3,2,80,1,26,2,2,9,8,7,8,0,1,0,1,0,0,1,0,0,0,0,1,0,0,0,0,0,0,0,1,0,1,0,0,0,0,1,0
32,77,3,13,3,2,1,2,116,7331,2743,1,20,4,3,80,1,2,2,3,2,2,2,2,1,0,0,1,0,0,1,0,0,0,1,0,0,0,0,0,0,0,1,0,0,0,0,0,1,0,1,0
50,88,4,29,2,2,4,3,1099,9314,17046,0,15,3,2,80,1,28,2,3,27,10,15,7,0,1,0,1,0,0,1,0,0,0,0,1,0,0,0,0,0,0,0,1,0,1,0,0,0,0,1,0
49,35,4,10,3,3,5,1,636,25594,18665,9,11,3,4,80,0,22,4,3,3,2,1,2,1,0,0,0,1,0,1,0,0,0,0,0,0,1,0,0,0,0,1,0,0,1,0,0,0,0,0,1
32,87,4,25,1,3,1,4,374,18016,2795,1,24,4,3,80,0,1,2,1,1,0,0,1,0,1,0,0,1,0,1,0,0,0,1,0,0,0,0,0,0,0,0,1,0,1,0,0,0,0,0,1
34,46,3,19,3,3,2,2,135,22534,4444,4,13,3,3,80,2,15,2,4,11,8,5,10,1,0,1,0,0,0,1,0,0,0,1,0,0,0,0,0,0,0,1,0,0,0,0,1,0,0,1,0
36,39,2,3,1,3,1,4,922,2561,2835,5,22,4,1,80,1,7,2,3,1,0,0,0,1,0,1,0,0,0,1,0,0,0,1,0,0,0,0,0,0,0,0,1,0,1,0,0,0,0,1,0
52,87,4,7,2,3,3,2,994,15322,10445,7,19,3,4,80,0,18,4,3,8,6,4,0,0,1,0,0,1,0,1,0,1,0,0,0,0,0,0,0,0,0,0,1,0,1,0,0,0,0,1,0
30,35,1,2,2,2,1,4,1427,11162,2720,0,13,3,4,80,0,6,3,3,5,3,1,2,0,1,0,0,1,0,1,0,0,0,1,0,0,0,0,0,0,0,0,1,0,0,0,1,0,0,1,0
58,52,3,2,2,3,4,2,350,22577,16291,4,22,4,4,80,1,37,0,2,16,9,14,14,0,1,1,0,0,0,0,1,0,0,0,1,0,0,0,0,0,1,0,0,0,0,0,1,0,0,1,0
42,66,3,8,2,3,5,4,570,16225,18430,1,13,3,2,80,1,24,4,2,24,7,14,9,0,1,1,0,0,0,1,0,0,0,0,1,0,0,0,0,0,0,1,0,0,1,0,0,0,0,1,0
49,80,4,11,4,3,2,4,1313,8191,4507,3,12,3,3,80,0,8,1,4,5,1,0,4,1,0,0,0,1,0,0,1,0,0,0,0,0,0,0,1,0,0,0,1,0,0,1,0,0,0,1,0
43,79,3,25,3,2,3,4,415,5268,10798,5,13,3,3,80,1,18,5,3,1,0,0,0,0,1,1,0,0,0,0,1,0,0,0,0,0,0,0,1,0,0,0,1,0,0,0,1,0,0,1,0
40,68,3,2,3,3,1,3,896,8045,2345,2,14,3,3,80,1,8,3,4,3,1,1,2,0,1,1,0,0,0,1,0,0,0,0,0,0,0,1,0,0,0,0,1,0,0,0,1,0,0,1,0
55,81,3,1,4,3,5,1,452,18938,19045,0,14,3,3,80,0,37,2,3,36,10,4,13,0,1,0,0,1,0,1,0,0,0,0,1,0,0,0,0,0,0,0,1,0,0,0,1,0,0,0,1
32,100,3,7,2,4,1,2,1311,26062,2794,1,20,4,3,80,0,5,3,1,5,1,0,3,0,1,0,1,0,0,1,0,0,0,1,0,0,0,0,0,0,0,1,0,0,1,0,0,0,0,1,0
55,40,1,2,3,2,4,1,444,17323,16756,7,15,3,2,80,0,31,3,4,9,7,6,2,0,1,0,0,1,0,1,0,0,0,0,1,0,0,0,0,0,1,0,0,0,0,0,1,0,0,1,0
31,32,4,2,3,3,1,4,192,7747,2695,0,18,3,2,80,1,3,2,1,2,2,2,2,0,1,1,0,0,0,1,0,0,0,0,0,0,0,1,0,0,0,0,1,0,1,0,0,0,0,0,1
43,87,3,27,4,4,1,2,990,5855,4876,5,12,3,3,80,1,8,0,3,6,4,0,2,0,1,1,0,0,0,1,0,0,0,1,0,0,0,0,0,0,0,0,1,0,0,0,0,0,1,1,0
34,98,4,2,3,3,2,4,404,6163,6687,1,11,3,4,80,0,14,2,4,14,11,4,11,1,0,0,0,1,0,1,0,1,0,0,0,0,0,0,0,0,0,0,1,0,0,0,0,0,1,1,0
40,86,1,2,4,2,1,4,804,22929,2342,0,20,4,4,80,0,5,2,2,4,2,2,3,1,0,0,0,1,0,1,0,0,0,0,0,0,0,1,0,0,0,0,1,0,0,0,1,0,0,0,1
42,37,2,23,4,2,2,3,335,14811,4332,1,12,3,4,80,0,20,2,3,20,9,3,7,0,1,0,0,1,0,1,0,0,0,0,0,0,0,1,0,0,1,0,0,0,1,0,0,0,0,1,0
28,39,3,27,2,1,2,1,580,20460,4877,0,21,4,2,80,1,6,5,2,5,3,0,0,1,0,1,0,0,0,1,0,0,0,0,0,1,0,0,0,0,0,0,1,0,0,0,1,0,0,1,0
40,51,4,16,1,2,2,3,720,11983,5094,6,14,3,4,80,0,10,6,3,1,0,0,0,0,1,0,0,1,0,1,0,0,0,1,0,0,0,0,0,0,0,1,0,0,0,0,1,0,0,1,0
35,53,1,27,3,2,1,1,1343,17852,2559,1,11,3,4,80,0,6,3,2,6,5,1,1,1,0,0,0,1,0,1,0,0,0,0,0,0,0,1,0,0,0,0,1,0,0,0,1,0,0,1,0
32,79,2,7,4,3,2,3,1089,22845,4883,1,18,3,1,80,1,10,3,3,10,4,1,1,0,1,0,1,0,0,1,0,0,0,1,0,0,0,0,0,0,0,0,1,0,1,0,0,0,0,1,0
34,94,2,1,1,3,2,2,1153,17736,4325,1,15,3,3,80,0,5,2,3,5,2,1,3,0,1,0,1,0,0,1,0,0,0,0,0,1,0,0,0,0,0,0,1,0,0,0,1,0,0,1,0
35,69,3,2,1,3,1,1,104,26619,2074,1,12,3,4,80,1,1,2,3,1,0,0,0,1,0,1,0,0,0,1,0,0,0,1,0,0,0,0,0,0,0,0,1,0,1,0,0,0,0,0,1
20,31,3,2,3,3,1,3,1141,13251,2783,1,19,3,1,80,0,2,3,3,2,2,2,2,1,0,0,0,1,0,0,1,0,0,0,0,0,0,0,0,1,0,0,1,0,0,0,1,0,0,1,0
52,30,2,4,4,3,4,4,1490,10310,16555,2,13,3,4,80,0,31,2,1,5,2,1,4,1,0,0,1,0,0,1,0,0,0,0,1,0,0,0,0,0,0,0,1,0,1,0,0,0,0,1,0
49,43,2,3,3,2,2,1,271,23070,4789,4,25,4,1,80,1,10,3,3,3,2,1,2,1,0,0,1,0,0,1,0,0,0,1,0,0,0,0,0,0,0,0,1,0,0,0,1,0,0,1,0
44,90,3,5,3,2,1,3,981,7973,3162,3,14,3,4,80,0,7,5,3,5,2,0,3,0,1,0,0,1,0,1,0,0,0,1,0,0,0,0,0,0,1,0,0,0,1,0,0,0,0,1,0
36,84,4,8,1,3,2,4,1229,25952,5079,4,13,3,4,80,2,12,3,3,7,7,0,7,0,1,1,0,0,0,0,1,0,0,0,0,0,0,0,1,0,1,0,0,0,0,0,0,0,1,1,0
32,35,4,5,2,4,1,4,634,18783,3312,3,17,3,4,80,2,6,3,3,3,2,0,2,1,0,0,1,0,0,1,0,0,0,0,0,0,0,1,0,0,0,0,1,0,0,0,0,1,0,1,0
22,63,2,1,4,3,1,3,581,17624,3375,0,12,3,4,80,0,4,2,4,3,2,1,2,0,1,0,0,1,0,1,0,0,0,0,0,0,0,1,0,0,0,0,1,0,1,0,0,0,0,1,0
37,52,2,25,3,2,2,4,367,17171,5731,7,13,3,3,80,2,9,2,3,6,2,1,3,1,0,1,0,0,0,1,0,1,0,0,0,0,0,0,0,0,0,0,1,0,0,0,1,0,0,1,0
30,49,3,2,3,3,1,4,1116,7181,2564,0,14,3,3,80,0,12,2,2,11,7,6,7,1,0,0,0,1,0,1,0,0,0,1,0,0,0,0,0,0,1,0,0,0,0,0,1,0,0,1,0
33,79,4,28,2,3,2,3,589,22949,5207,1,12,3,2,80,1,15,3,3,15,14,5,7,0,1,0,1,0,0,1,0,0,0,1,0,0,0,0,0,0,0,0,1,0,1,0,0,0,0,0,1
41,54,3,8,3,3,2,2,337,26841,4393,5,21,4,3,80,1,14,3,3,5,4,1,4,1,0,0,1,0,0,0,1,0,0,0,0,0,0,0,1,0,0,0,1,0,0,1,0,0,0,1,0
41,60,4,28,1,2,4,2,582,5640,13570,0,23,4,3,80,1,21,3,3,20,7,0,10,1,0,0,1,0,0,1,0,0,0,0,0,1,0,0,0,0,0,0,1,0,1,0,0,0,0,1,0
29,61,3,10,4,3,1,2,490,17940,3291,0,14,3,4,80,2,8,2,2,7,5,1,1,1,0,1,0,0,0,1,0,0,0,0,0,0,0,1,0,0,0,1,0,0,1,0,0,0,0,1,0
51,87,2,14,3,3,2,4,1178,14862,4936,4,11,3,3,80,1,18,2,2,7,7,0,7,1,0,0,1,0,0,0,1,0,0,0,0,0,0,0,1,0,0,0,1,0,1,0,0,0,0,1,0
53,66,4,24,1,3,3,1,1168,5843,10448,6,13,3,2,80,0,15,2,2,2,2,2,2,0,1,0,0,1,0,0,1,0,0,0,0,0,0,0,1,0,0,0,1,0,1,0,0,0,0,0,1
43,55,3,8,1,3,2,2,177,23814,4765,4,21,4,3,80,1,4,2,4,1,0,0,0,1,0,1,0,0,0,1,0,0,0,0,0,1,0,0,0,0,0,0,1,0,1,0,0,0,0,1,0
29,45,3,24,3,4,1,1,746,10642,1091,1,17,3,4,80,0,1,3,3,1,0,0,0,0,1,0,0,1,0,0,1,0,0,0,0,0,0,0,0,1,0,1,0,0,0,0,0,0,1,1,0
32,80,4,24,1,3,2,4,430,21146,5309,1,15,3,4,80,2,10,2,3,10,8,4,7,0,1,0,1,0,0,1,0,0,0,1,0,0,0,0,0,0,0,1,0,0,1,0,0,0,0,1,0
28,50,4,5,3,3,1,3,1434,11179,3441,1,13,3,3,80,0,2,3,2,2,2,2,2,0,1,0,0,1,0,1,0,0,0,1,0,0,0,0,0,0,0,0,1,0,0,0,0,0,1,0,1
27,51,4,17,4,3,1,3,135,25681,2394,1,13,3,4,80,0,8,2,3,8,2,7,7,1,0,0,0,1,0,1,0,0,0,0,0,0,0,1,0,0,0,0,1,0,1,0,0,0,0,0,1
35,92,3,1,3,3,3,3,944,9096,8789,1,14,3,1,80,0,10,3,4,10,7,0,8,1,0,0,0,1,0,0,1,0,0,0,0,0,0,0,1,0,0,1,0,0,0,1,0,0,0,1,0
42,43,2,1,4,2,2,4,932,4051,6062,9,13,3,4,80,1,8,4,3,4,3,0,2,1,0,0,1,0,0,1,0,0,0,0,0,1,0,0,0,0,0,0,1,0,1,0,0,0,0,0,1
34,45,3,5,3,2,3,1,1354,5615,11631,2,12,3,4,80,0,14,6,3,11,10,5,8,1,0,0,0,1,0,1,0,0,0,0,1,0,0,0,0,0,0,0,1,0,0,0,1,0,0,1,0
25,98,1,3,3,3,2,1,141,14363,4194,1,18,3,4,80,0,5,3,3,5,3,0,3,0,1,0,1,0,0,0,1,0,0,0,0,0,0,0,1,0,0,0,1,0,0,0,0,1,0,0,1
34,93,2,19,2,3,1,4,1346,8758,2661,0,11,3,3,80,1,3,2,3,2,2,1,2,0,1,1,0,0,0,1,0,0,0,1,0,0,0,0,0,0,0,0,1,0,0,0,1,0,0,1,0
27,66,4,6,1,2,1,3,798,5013,2187,0,12,3,3,80,2,6,5,2,5,3,0,3,1,0,1,0,0,0,1,0,0,0,0,0,0,0,1,0,0,0,0,1,0,0,0,1,0,0,1,0
34,93,4,9,4,3,2,1,234,6208,5346,4,17,3,3,80,1,11,3,2,7,1,0,7,0,1,0,1,0,0,1,0,0,0,1,0,0,0,0,0,0,0,1,0,0,1,0,0,0,0,1,0
33,58,3,14,3,3,1,4,813,22149,2436,5,13,3,3,80,1,8,2,1,5,4,0,4,0,1,0,1,0,0,1,0,0,0,1,0,0,0,0,0,0,0,0,1,0,0,0,1,0,0,0,1
27,67,3,19,4,2,1,1,1302,16290,4066,1,11,3,1,80,2,7,3,3,7,7,0,7,0,1,1,0,0,0,1,0,0,0,1,0,0,0,0,0,0,0,0,1,0,0,0,0,1,0,1,0
35,58,4,1,4,2,1,3,982,16340,2258,6,12,3,2,80,1,10,2,3,8,0,1,7,0,1,0,1,0,0,1,0,0,0,1,0,0,0,0,0,0,0,0,1,0,0,0,1,0,0,1,0
35,94,5,1,3,3,3,2,662,11439,7295,1,13,3,1,80,2,10,3,3,10,8,0,6,0,1,0,1,0,0,0,1,0,0,0,0,0,0,0,1,0,0,0,1,0,0,1,0,0,0,1,0
23,45,3,10,4,4,1,3,977,12826,2073,2,16,3,4,80,1,4,2,3,2,2,2,2,0,1,0,1,0,0,1,0,0,0,0,0,0,0,1,0,0,0,0,1,0,0,0,0,0,1,1,0
45,66,4,1,1,3,3,2,538,20933,7441,1,12,3,1,80,3,10,4,3,10,8,7,7,0,1,1,0,0,0,1,0,1,0,0,0,0,0,0,0,0,0,0,1,0,0,0,0,0,1,1,0
31,71,2,29,3,2,1,2,307,11652,3479,0,11,3,2,80,0,6,2,4,5,4,1,4,0,1,0,0,1,0,1,0,0,0,1,0,0,0,0,0,0,0,1,0,0,0,0,1,0,0,1,0
47,98,1,1,3,3,3,2,1162,17231,11957,0,18,3,1,80,2,14,3,1,13,8,5,12,1,0,0,1,0,0,1,0,0,0,0,0,0,1,0,0,0,1,0,0,0,0,0,1,0,0,1,0
46,75,3,2,3,1,4,2,488,14977,16872,3,12,3,2,80,1,28,2,2,7,7,7,7,1,0,0,1,0,0,0,1,0,0,0,1,0,0,0,0,0,0,0,1,0,0,0,0,0,1,0,1
42,82,2,17,4,4,2,1,916,23016,6545,3,13,3,3,80,0,10,1,3,3,2,0,2,1,0,0,0,1,0,1,0,0,0,0,0,0,0,1,0,0,0,0,1,0,1,0,0,0,0,0,1
35,67,4,18,4,3,2,3,662,23288,4614,0,18,3,3,80,1,5,0,2,4,2,3,2,1,0,0,1,0,0,0,1,0,0,0,0,0,0,0,1,0,0,1,0,0,0,1,0,0,0,0,1
55,97,3,2,3,3,4,4,1311,23258,16659,2,13,3,3,80,0,30,2,3,5,4,1,2,1,0,0,0,1,0,1,0,0,0,0,1,0,0,0,0,0,0,0,1,0,1,0,0,0,0,0,1
34,56,3,11,3,2,2,2,648,21833,4490,4,11,3,4,80,2,14,5,4,10,9,1,8,0,1,0,1,0,1,0,0,0,1,0,0,0,0,0,0,0,0,1,0,0,1,0,0,0,0,1,0
45,52,4,6,4,3,3,1,193,15067,13245,4,14,3,2,80,0,17,3,4,0,0,0,0,0,1,0,1,0,0,1,0,0,0,0,0,0,1,0,0,0,0,0,1,0,0,0,0,1,0,0,1
32,34,4,15,3,3,2,4,1146,16542,6667,5,18,3,2,80,1,9,6,3,5,1,1,2,1,0,1,0,0,0,1,0,1,0,0,0,0,0,0,0,0,1,0,0,0,0,0,1,0,0,1,0
51,84,3,5,3,3,4,2,770,17588,14026,1,11,3,2,80,1,33,2,3,33,9,0,10,0,1,1,0,0,1,0,0,0,0,0,1,0,0,0,0,0,0,0,1,0,1,0,0,0,0,0,1
30,53,3,3,3,3,1,4,1400,16734,2097,4,15,3,3,80,1,9,3,1,5,3,1,4,0,1,0,1,0,0,1,0,0,0,1,0,0,0,0,0,0,1,0,0,0,1,0,0,0,0,1,0
37,32,2,19,1,3,3,2,1252,4814,7642,1,13,3,4,80,0,10,2,3,10,0,0,9,0,1,0,0,1,0,0,1,0,0,0,0,0,0,0,1,0,1,0,0,0,0,0,1,0,0,0,1
34,95,2,2,4,3,2,3,1003,15834,4033,2,11,3,4,80,0,5,3,2,3,2,0,2,0,1,0,0,1,0,1,0,0,0,0,0,1,0,0,0,0,0,1,0,0,1,0,0,0,0,1,0
54,77,3,10,3,3,2,1,157,25198,4440,6,19,3,4,80,0,9,3,3,5,2,1,4,1,0,0,0,1,0,1,0,0,0,0,0,1,0,0,0,0,0,0,1,0,0,0,1,0,0,0,1
49,97,2,28,1,2,2,1,1475,22710,4284,3,20,4,1,80,0,20,2,3,4,3,1,3,0,1,0,0,1,0,1,0,0,0,1,0,0,0,0,0,0,0,1,0,0,1,0,0,0,0,1,0
28,39,3,6,3,2,1,3,773,22088,2703,1,14,3,4,80,1,3,2,3,3,1,0,2,0,1,1,0,0,0,1,0,0,0,0,0,0,0,1,0,0,0,1,0,0,1,0,0,0,0,0,1
38,90,3,16,2,3,2,2,437,16379,4198,2,12,3,2,80,0,8,5,4,3,2,1,2,1,0,0,0,1,0,0,1,0,0,0,0,0,0,0,1,0,0,0,1,0,1,0,0,0,0,1,0
26,48,3,25,1,1,1,3,1357,10558,2293,1,12,3,3,80,0,1,2,2,1,0,0,1,0,1,0,0,1,0,1,0,0,0,1,0,0,0,0,0,0,0,0,1,0,1,0,0,0,0,1,0
26,76,3,7,4,3,1,4,786,11925,2570,1,20,4,3,80,0,7,5,3,7,7,5,7,0,1,0,0,1,0,1,0,0,0,1,0,0,0,0,0,0,1,0,0,0,0,0,1,0,0,1,0
31,33,3,3,4,3,1,3,561,4156,4084,1,12,3,1,80,0,7,2,1,7,2,7,7,1,0,0,0,1,0,1,0,0,0,0,0,0,0,1,0,0,0,1,0,0,1,0,0,0,0,1,0
32,64,3,10,3,3,3,4,495,21072,11244,2,25,4,2,80,0,10,5,4,5,2,0,0,0,1,0,0,1,0,1,0,0,0,0,1,0,0,0,0,0,0,0,1,0,0,0,1,0,0,1,0
40,46,2,2,4,3,2,2,759,22553,5715,7,12,3,3,80,2,8,5,3,5,4,1,3,1,0,1,0,0,0,0,1,0,0,0,0,0,0,0,1,0,0,0,1,0,0,1,0,0,0,1,0
58,88,4,23,1,3,1,3,848,26076,2372,1,12,3,4,80,2,2,3,3,2,2,2,2,0,1,1,0,0,0,1,0,0,0,0,0,0,0,1,0,0,0,0,1,0,1,0,0,0,0,1,0
42,44,5,23,1,3,4,4,810,15901,15992,2,14,3,2,80,0,16,2,3,1,0,0,0,1,0,0,0,1,0,1,0,0,0,0,0,0,1,0,0,0,0,0,1,0,1,0,0,0,0,1,0
34,52,4,9,1,3,1,3,1107,3072,2742,1,15,3,4,80,0,2,0,3,2,2,2,2,1,0,0,1,0,1,0,0,0,1,0,0,0,0,0,0,0,0,0,1,0,0,0,0,0,1,1,0
40,67,4,4,3,2,3,4,630,8552,10855,7,11,3,1,80,1,15,2,2,12,11,2,11,0,1,0,1,0,0,0,1,0,0,0,0,0,0,0,1,0,0,0,1,0,0,1,0,0,0,1,0
34,32,2,3,4,1,2,4,511,25353,6029,5,12,3,1,80,0,6,3,3,2,2,2,2,1,0,0,0,1,0,0,1,0,0,0,0,0,0,0,1,0,0,0,1,0,1,0,0,0,0,1,0
28,43,2,1,3,3,1,4,280,10494,2706,1,15,3,2,80,1,3,2,3,3,2,2,2,0,1,1,0,0,1,0,0,0,1,0,0,0,0,0,0,0,1,0,0,0,1,0,0,0,0,1,0
40,78,4,1,3,2,4,2,530,14115,13503,1,22,4,4,80,1,22,3,2,22,3,11,11,0,1,0,1,0,0,1,0,1,0,0,0,0,0,0,0,0,0,1,0,0,1,0,0,0,0,1,0
32,65,2,8,3,2,2,2,588,24624,5228,1,11,3,4,80,0,13,2,3,13,12,11,9,1,0,0,1,0,0,0,1,0,0,0,0,0,0,0,1,0,0,0,1,0,0,0,0,0,1,0,1
48,40,4,1,4,2,4,1,1236,17997,15402,7,11,3,1,80,1,21,3,1,3,2,0,2,1,0,0,1,0,0,1,0,0,0,0,1,0,0,0,0,0,0,0,1,0,1,0,0,0,0,1,0
36,83,3,7,1,4,2,1,607,2261,4639,2,16,3,4,80,1,17,2,2,15,7,6,13,1,0,0,1,0,0,0,1,0,0,0,0,0,0,0,1,0,0,1,0,0,0,1,0,0,0,1,0
42,36,2,21,3,3,2,3,926,16439,5265,2,16,3,2,80,1,11,5,3,5,3,0,2,1,0,1,0,0,0,1,0,0,0,0,0,1,0,0,0,0,1,0,0,0,0,0,1,0,0,1,0
58,57,1,2,4,2,1,4,781,13384,2380,9,14,3,4,80,1,3,3,2,1,0,0,0,0,1,1,0,0,0,1,0,0,0,1,0,0,0,0,0,0,0,1,0,0,1,0,0,0,0,0,1
34,72,4,4,3,3,2,3,1381,12740,6538,9,15,3,1,80,1,6,3,3,3,2,1,2,1,0,0,1,0,0,0,1,0,0,0,0,0,0,0,1,0,1,0,0,0,0,1,0,0,0,1,0
34,57,2,5,2,2,2,4,1157,11912,3986,1,14,3,3,80,1,15,3,4,15,10,4,13,0,1,0,1,0,0,1,0,0,0,1,0,0,0,0,0,0,0,0,1,0,0,0,1,0,0,1,0
41,76,3,1,4,3,1,4,642,21412,2782,3,22,4,1,80,1,12,3,3,5,3,1,0,0,1,0,1,0,0,1,0,0,0,0,0,0,0,1,0,0,0,0,1,0,1,0,0,0,0,1,0
35,66,1,6,3,3,1,3,735,6020,3506,0,14,3,4,80,0,4,3,3,3,2,2,2,0,1,0,1,0,0,1,0,0,0,0,0,0,0,1,0,0,0,0,1,0,1,0,0,0,0,0,1
30,64,2,28,4,3,2,4,1275,11934,5775,1,13,3,4,80,2,11,2,3,10,8,1,9,1,0,0,1,0,0,1,0,0,0,0,0,0,0,1,0,0,0,0,1,0,0,0,1,0,0,1,0
26,100,3,7,3,4,1,1,652,23577,3578,0,12,3,4,80,0,8,2,3,7,7,0,7,0,1,0,0,1,0,1,0,0,0,1,0,0,0,0,0,0,0,0,1,0,0,0,0,1,0,1,0
29,93,4,28,3,3,1,4,1107,26968,2514,4,22,4,1,80,1,11,1,3,7,5,1,7,1,0,1,0,0,0,1,0,0,0,0,0,0,0,1,0,0,0,0,1,0,1,0,0,0,0,1,0
41,43,2,7,2,4,1,3,509,18863,3376,1,13,3,3,80,0,10,3,3,10,6,0,8,1,0,0,1,0,0,1,0,0,0,0,0,0,0,1,0,0,0,0,1,0,0,0,0,0,1,1,0
55,98,4,2,2,2,1,4,836,7975,2662,8,20,4,2,80,1,19,2,4,5,2,0,4,0,1,0,1,0,0,1,0,0,0,0,0,0,0,1,0,0,0,0,1,0,0,0,0,0,1,1,0
54,86,2,5,1,3,5,1,821,8509,19406,4,11,3,3,80,1,24,4,2,4,2,1,2,0,1,0,1,0,0,1,0,0,0,0,0,0,1,0,0,0,0,0,1,0,0,0,1,0,0,1,0
39,65,1,1,4,2,4,4,466,7060,12742,1,16,3,3,80,1,21,3,3,21,6,11,8,1,0,0,1,0,0,1,0,0,0,0,0,1,0,0,0,0,0,0,1,0,1,0,0,0,0,1,0
31,94,3,2,2,3,1,4,523,21081,3722,6,13,3,3,80,1,7,2,1,2,2,2,2,0,1,0,1,0,0,1,0,0,0,1,0,0,0,0,0,0,0,1,0,0,1,0,0,0,0,0,1
44,96,3,2,3,4,3,4,921,14810,7879,1,19,3,2,80,1,9,2,3,8,7,6,7,1,0,0,1,0,0,1,0,1,0,0,0,0,0,0,0,0,0,0,1,0,1,0,0,0,0,0,1
36,51,1,3,3,2,3,4,530,5518,10325,1,11,3,1,80,1,16,6,3,16,7,3,7,0,1,0,1,0,0,0,1,0,0,0,0,0,0,0,1,0,0,0,1,0,1,0,0,0,0,0,1
29,54,1,6,2,3,1,4,1401,26342,3131,1,13,3,1,80,1,10,5,3,10,8,0,8,1,0,0,1,0,0,1,0,0,0,1,0,0,0,0,0,0,0,0,1,0,0,0,1,0,0,1,0
41,96,1,9,3,3,3,3,802,21196,8189,3,13,3,3,80,1,12,2,3,9,7,0,7,0,1,1,0,0,0,0,1,0,0,0,0,0,0,0,1,0,0,0,1,0,1,0,0,0,0,0,1
52,78,2,6,4,3,2,1,956,22087,5577,3,12,3,2,80,2,18,3,3,10,9,6,9,0,1,1,0,0,0,1,0,0,0,0,0,0,0,1,0,0,0,0,1,0,0,0,0,0,1,0,1
28,50,3,24,3,2,1,3,103,12947,2028,5,14,3,2,80,0,6,4,3,4,2,0,3,0,1,0,0,1,0,1,0,0,0,1,0,0,0,0,0,0,0,0,1,0,1,0,0,0,0,0,1
40,86,4,9,4,3,1,1,676,21831,2018,3,14,3,2,80,0,15,3,1,5,4,1,0,0,1,0,0,1,0,1,0,0,0,1,0,0,0,0,0,0,0,0,1,0,1,0,0,0,0,1,0
59,99,3,25,1,3,3,1,1435,2354,7637,7,11,3,4,80,0,28,3,2,21,16,7,9,1,0,0,0,1,0,0,1,0,0,0,0,0,0,0,1,0,0,0,1,0,1,0,0,0,0,1,0
45,69,2,10,1,3,1,4,192,9655,2654,3,21,4,4,80,2,8,3,2,2,2,0,2,0,1,0,1,0,0,1,0,0,0,0,0,0,0,1,0,0,0,0,1,0,1,0,0,0,0,1,0
53,34,2,6,2,3,2,3,1436,16047,2306,2,20,4,4,80,1,13,3,1,7,7,4,5,0,1,0,1,0,0,0,1,0,0,0,0,0,0,0,0,1,0,0,1,0,0,1,0,0,0,0,1
46,52,3,9,1,3,3,4,377,15986,10096,4,11,3,1,80,1,28,1,4,7,7,4,3,0,1,1,0,0,0,0,1,0,0,0,0,0,0,0,1,0,0,0,1,0,0,1,0,0,0,1,0
40,46,4,10,4,4,1,3,1171,22495,2213,3,13,3,3,80,1,10,3,3,7,7,1,7,1,0,0,1,0,0,1,0,0,0,1,0,0,0,0,0,0,0,0,1,0,1,0,0,0,0,0,1
31,93,5,8,1,3,4,2,182,8847,16422,3,11,3,3,80,0,9,3,4,3,2,1,0,1,0,0,0,1,0,1,0,0,0,0,0,0,1,0,0,0,0,0,1,0,1,0,0,0,0,1,0
42,77,3,26,3,3,4,2,555,14864,13525,5,14,3,4,80,1,23,2,4,20,4,4,8,1,0,0,1,0,0,0,1,0,0,0,0,0,0,0,1,0,0,1,0,0,0,1,0,0,0,1,0
60,52,4,7,2,4,2,4,696,10893,5220,0,18,3,2,80,1,12,3,3,11,7,1,9,0,1,1,0,0,0,0,1,0,0,0,0,0,0,0,1,0,0,0,1,0,0,1,0,0,0,0,1
40,57,2,1,2,1,2,4,1124,13273,7457,2,22,4,3,80,3,6,2,2,4,3,0,2,0,1,0,1,0,0,0,1,0,0,0,0,0,0,0,1,0,0,0,1,0,0,0,1,0,0,0,1
19,79,1,3,2,3,1,2,1181,16102,1483,1,14,3,4,80,0,1,3,3,1,0,0,0,1,0,0,0,1,0,1,0,0,0,1,0,0,0,0,0,0,0,0,1,0,0,0,1,0,0,1,0
26,90,3,23,1,3,1,4,1349,3032,2886,1,22,4,2,80,2,3,3,1,3,2,0,2,1,0,1,0,0,0,1,0,0,0,0,0,0,0,1,0,0,0,0,1,0,1,0,0,0,0,1,0
45,57,2,4,3,3,2,2,805,23163,4447,1,12,3,2,80,0,9,5,2,9,7,0,8,0,1,0,1,0,0,1,0,0,0,1,0,0,0,0,0,0,1,0,0,0,1,0,0,0,0,1,0
50,74,1,28,4,4,1,3,1207,3297,3221,1,11,3,3,80,3,20,3,3,20,8,3,8,0,1,0,1,0,0,1,0,0,0,1,0,0,0,0,0,0,0,0,1,0,0,0,1,0,0,0,1
29,51,3,13,1,3,2,2,115,17485,5765,5,11,3,1,80,0,7,4,1,5,3,0,0,1,0,0,0,1,0,0,1,0,0,0,0,0,0,0,1,0,0,1,0,0,0,0,0,0,1,1,0
28,68,2,16,2,4,2,1,1476,4824,5661,0,19,3,3,80,0,9,2,3,8,3,0,7,0,1,0,0,1,0,1,0,1,0,0,0,0,0,0,0,0,0,0,1,0,0,0,1,0,0,1,0
40,92,2,26,3,2,2,4,902,21203,4422,3,13,3,4,80,1,16,3,1,1,1,0,0,1,0,0,1,0,0,1,0,0,0,0,0,0,0,1,0,0,0,1,0,0,0,0,1,0,0,0,1
32,70,3,1,3,2,1,2,1184,3974,2332,6,20,4,3,80,0,5,3,3,3,0,0,2,1,0,0,1,0,0,1,0,0,0,1,0,0,0,0,0,0,1,0,0,0,1,0,0,0,0,1,0
59,66,2,1,2,3,3,4,1089,11038,11904,3,14,3,3,80,1,14,1,1,6,4,0,4,0,1,0,1,0,0,0,1,0,0,0,1,0,0,0,0,0,0,0,1,0,0,0,0,0,1,0,1
32,56,4,5,4,2,2,4,1373,10138,9679,8,24,4,2,80,0,8,1,3,1,0,0,0,0,1,0,0,1,0,1,0,0,0,0,0,1,0,0,0,0,0,0,1,0,1,0,0,0,0,1,0
40,74,3,26,3,3,2,1,300,22217,8396,1,14,3,2,80,1,8,3,2,7,7,7,5,0,1,0,1,0,0,0,1,0,0,0,0,0,0,0,1,0,0,0,1,0,0,1,0,0,0,1,0
33,90,3,4,4,3,2,2,775,6194,3055,5,15,3,4,80,2,11,2,2,9,8,1,7,0,1,1,0,0,0,1,0,0,0,0,0,0,0,1,0,0,1,0,0,0,0,0,0,0,1,1,0
36,32,4,10,2,3,3,4,635,15318,9980,1,14,3,4,80,0,10,3,2,10,3,9,7,0,1,0,0,1,0,0,1,0,0,0,0,0,0,0,1,0,1,0,0,0,0,0,1,0,0,1,0
19,54,2,9,3,3,1,1,645,7172,2552,1,25,4,3,80,0,1,4,3,1,1,0,0,0,1,0,0,1,0,1,0,0,0,0,0,0,0,1,0,0,0,0,1,0,1,0,0,0,0,1,0
37,71,3,10,2,3,1,2,1470,9953,3936,1,11,3,1,80,1,8,2,1,8,4,7,7,1,0,0,1,0,0,1,0,0,0,0,0,0,0,1,0,0,0,0,1,0,0,0,1,0,0,1,0
39,94,4,13,3,2,4,2,412,17334,17123,6,13,3,4,80,2,21,4,3,19,9,15,2,1,0,1,0,0,0,1,0,0,0,0,1,0,0,0,0,0,0,0,1,0,0,0,1,0,0,0,1
33,74,4,5,4,3,3,2,553,23364,11878,6,11,3,2,80,2,12,2,3,10,6,8,8,1,0,0,1,0,0,1,0,0,0,0,1,0,0,0,0,0,0,1,0,0,1,0,0,0,0,1,0
30,73,4,7,4,3,2,1,855,12761,4779,7,14,3,2,80,2,8,3,3,3,2,0,2,1,0,1,0,0,0,0,1,0,0,0,0,0,0,0,1,0,0,0,1,0,0,1,0,0,0,1,0
31,34,3,8,1,2,1,2,202,22262,1261,1,12,3,3,80,0,1,3,4,1,0,0,0,1,0,0,0,1,0,1,0,0,0,0,0,0,0,1,0,0,0,0,1,0,1,0,0,0,0,1,0
26,66,1,1,1,2,1,3,921,25265,2007,1,13,3,3,80,2,5,5,3,5,3,1,3,1,0,1,0,0,0,1,0,0,0,0,0,0,0,1,0,0,0,1,0,0,0,0,1,0,0,1,0
40,98,4,2,3,3,1,3,1194,12549,2001,2,14,3,2,80,3,20,2,3,5,3,0,2,1,0,0,1,0,0,1,0,0,0,0,0,0,0,1,0,0,0,0,1,0,0,0,1,0,0,1,0
36,42,4,5,2,3,3,1,711,22792,8008,4,12,3,3,80,2,9,6,3,3,2,0,2,1,0,0,1,0,0,1,0,1,0,0,0,0,0,0,0,0,0,0,1,0,1,0,0,0,0,1,0
25,57,4,10,3,3,2,4,1356,20623,4950,0,14,3,2,80,0,5,4,3,4,3,1,1,0,1,0,0,1,0,0,1,0,0,0,0,0,0,0,1,0,0,0,1,0,1,0,0,0,0,1,0
33,42,3,1,3,4,2,1,1141,3193,5376,2,19,3,1,80,2,10,3,3,5,3,1,3,1,0,0,1,0,0,0,1,0,0,0,0,0,0,0,1,0,0,1,0,0,1,0,0,0,0,1,0
43,65,2,15,3,2,4,3,1291,3525,17603,1,24,4,1,80,1,14,3,3,14,10,6,11,0,1,0,1,0,0,1,0,0,0,0,0,0,1,0,0,0,0,0,1,0,1,0,0,0,0,1,0
40,88,4,9,2,3,3,3,593,13782,13499,9,17,3,3,80,0,20,3,2,18,7,2,13,1,0,0,0,1,0,1,0,0,0,0,0,0,1,0,0,0,0,1,0,0,0,0,1,0,0,1,0
45,52,3,26,1,2,2,1,336,24162,4385,1,15,3,1,80,1,10,2,3,10,7,4,5,0,1,0,1,0,0,0,1,0,0,0,0,0,0,0,1,0,1,0,0,0,0,1,0,0,0,1,0
32,60,4,11,4,4,2,3,1474,23914,4707,8,12,3,4,80,0,6,2,3,4,2,1,2,0,1,0,1,0,0,0,1,0,0,0,0,0,0,0,1,0,1,0,0,0,0,0,0,1,0,1,0
29,77,3,19,3,2,2,3,1246,23757,8620,1,14,3,3,80,2,10,3,3,10,7,0,4,0,1,1,0,0,0,0,1,0,0,0,0,0,0,0,1,0,0,0,1,0,1,0,0,0,0,1,0
38,88,4,1,4,3,1,2,1444,5224,2991,0,11,3,2,80,1,7,2,3,6,2,1,2,0,1,0,1,0,1,0,0,0,1,0,0,0,0,0,0,0,0,1,0,0,0,0,0,1,0,0,1
24,97,2,17,4,3,1,2,984,3372,2210,1,13,3,1,80,1,1,3,1,1,0,0,0,1,0,0,1,0,0,1,0,0,0,1,0,0,0,0,0,0,0,0,1,0,1,0,0,0,0,1,0
25,46,3,5,3,2,2,3,240,26959,5744,1,11,3,4,80,0,6,1,3,6,4,0,3,0,1,0,0,1,0,0,1,0,0,0,0,0,0,0,1,0,0,0,1,0,0,1,0,0,0,0,1
30,58,3,16,3,4,2,3,305,9128,5294,3,16,3,3,80,1,10,3,3,7,0,1,7,0,1,0,1,0,0,1,0,1,0,0,0,0,0,0,0,0,0,0,1,0,1,0,0,0,0,1,0
35,48,4,9,2,3,2,3,1395,18698,5098,1,19,3,2,80,0,10,5,3,10,7,0,8,0,1,0,0,1,0,1,0,0,0,0,0,0,0,1,0,0,0,0,1,0,0,0,1,0,0,1,0
55,37,1,2,3,3,2,4,436,21519,5160,4,16,3,3,80,0,12,3,2,9,7,7,3,0,1,0,0,1,0,0,1,0,0,0,0,0,0,0,1,0,0,0,1,0,0,0,1,0,0,1,0
35,71,5,18,2,3,3,1,853,11031,9069,1,22,4,4,80,1,9,3,2,9,8,1,8,0,1,0,1,0,0,0,1,0,0,0,0,0,0,0,1,0,0,1,0,0,1,0,0,0,0,1,0
33,34,3,5,4,3,1,3,350,9150,2851,1,13,3,2,80,0,1,2,3,1,0,0,0,1,0,0,0,1,0,0,1,0,0,0,0,0,0,0,0,1,0,0,1,0,0,1,0,0,0,0,1
33,69,5,8,4,3,2,3,516,22049,6388,2,17,3,1,80,0,14,6,3,0,0,0,0,0,1,0,0,1,0,1,0,1,0,0,0,0,0,0,0,0,0,0,1,0,1,0,0,0,0,0,1
35,55,3,10,4,2,3,1,737,21530,10306,9,17,3,3,80,0,15,3,3,13,12,6,0,0,1,0,1,0,0,0,1,0,0,0,0,0,0,0,1,0,0,0,1,0,0,0,1,0,0,1,0
32,69,4,29,4,3,1,3,1109,11135,4025,9,12,3,2,80,0,10,2,3,8,7,7,7,1,0,0,0,1,0,1,0,0,0,1,0,0,0,0,0,0,1,0,0,0,0,0,1,0,0,1,0
58,37,3,5,3,2,3,2,1272,9255,10552,2,13,3,4,80,1,24,3,3,6,0,0,4,1,0,1,0,0,0,1,0,1,0,0,0,0,0,0,0,0,0,0,1,0,0,0,0,0,1,0,1
34,33,2,6,4,1,1,3,296,12253,2351,0,16,3,4,80,1,3,3,2,2,2,1,0,1,0,1,0,0,0,0,1,0,0,0,0,0,0,0,0,1,0,1,0,0,0,1,0,0,0,1,0
49,36,3,1,3,3,1,1,1418,10554,3580,2,16,3,2,80,1,7,2,3,4,2,0,2,1,0,0,1,0,0,1,0,0,0,0,0,0,0,1,0,0,0,0,1,0,0,0,0,0,1,1,0
50,95,3,24,4,3,4,3,939,4161,13973,3,18,3,4,80,1,22,2,3,12,11,1,5,0,1,0,1,0,0,1,0,0,0,0,0,1,0,0,0,0,0,0,1,0,1,0,0,0,0,0,1
30,30,3,5,4,2,2,3,570,5431,6118,1,13,3,3,80,3,10,2,3,10,9,1,2,1,0,1,0,0,0,0,1,0,0,0,0,0,0,0,1,0,0,0,1,0,0,1,0,0,0,1,0
42,88,4,28,4,2,2,4,1368,4386,4523,0,11,3,4,80,3,7,4,4,6,5,0,4,1,0,0,1,0,0,1,0,1,0,0,0,0,0,0,0,0,0,1,0,0,0,0,0,0,1,1,0
53,60,4,1,1,2,4,3,661,22308,12965,4,20,4,4,80,3,27,2,2,3,2,0,2,1,0,0,1,0,0,1,0,0,0,0,0,1,0,0,0,0,1,0,0,0,0,0,1,0,0,0,1
29,39,1,8,3,1,2,1,441,7288,9715,3,13,3,3,80,1,9,3,3,7,7,0,7,1,0,0,1,0,0,1,0,1,0,0,0,0,0,0,0,0,0,0,1,0,0,0,0,1,0,1,0
27,76,2,4,1,3,1,3,1167,3208,2517,1,11,3,2,80,3,5,2,3,5,3,0,3,0,1,1,0,0,0,1,0,0,0,0,0,0,0,1,0,0,0,0,1,0,1,0,0,0,0,1,0
35,55,4,7,3,3,2,4,1224,13586,5204,1,11,3,4,80,0,10,2,3,10,8,0,9,1,0,0,1,0,0,0,1,0,0,0,0,0,0,0,1,0,0,0,1,0,1,0,0,0,0,0,1
19,52,2,2,1,2,1,4,489,18437,2564,1,12,3,3,80,0,1,3,4,1,0,0,0,0,1,0,0,1,1,0,0,0,1,0,0,0,0,0,0,0,0,0,1,0,0,0,0,0,1,1,0
40,61,4,20,1,3,3,4,1492,26542,10322,4,20,4,4,80,1,14,6,3,11,10,11,1,0,1,0,1,0,0,1,0,1,0,0,0,0,0,0,0,0,0,0,1,0,0,0,0,0,1,1,0
35,54,2,11,4,3,2,4,1182,18500,4968,1,11,3,4,80,1,5,3,3,5,2,0,2,0,1,1,0,0,0,0,1,0,0,0,0,0,0,0,1,0,0,1,0,0,0,1,0,0,0,1,0
46,80,2,5,2,3,2,2,945,10425,5021,8,22,4,4,80,1,16,2,3,4,2,0,2,0,1,1,0,0,1,0,0,0,1,0,0,0,0,0,0,0,0,0,1,0,0,0,1,0,0,0,1
42,92,2,29,1,3,2,3,532,12932,4556,2,11,3,2,80,1,19,3,3,5,4,0,2,1,0,1,0,0,0,1,0,0,0,0,0,0,0,1,0,0,0,1,0,0,1,0,0,0,0,1,0
45,59,2,2,4,2,2,4,1329,5388,5770,1,19,3,1,80,2,10,3,3,10,7,3,9,1,0,1,0,0,0,1,0,0,0,0,0,1,0,0,0,0,0,0,1,0,0,0,0,1,0,1,0
29,52,3,9,2,1,1,2,428,14630,2760,1,13,3,3,80,0,2,3,3,2,2,2,2,1,0,0,0,1,0,0,1,0,0,0,0,0,0,0,0,1,0,0,1,0,0,1,0,0,0,1,0
34,91,4,1,4,3,1,1,560,20284,2996,5,14,3,3,80,2,10,2,3,4,3,1,3,0,1,1,0,0,0,1,0,0,0,0,0,0,0,1,0,0,0,1,0,0,0,0,0,1,0,1,0
49,90,2,1,3,2,4,3,1091,17810,13964,7,12,3,4,80,0,25,2,3,7,1,0,7,1,0,0,0,1,0,1,0,1,0,0,0,0,0,0,0,0,0,0,1,0,0,0,0,0,1,0,1
24,77,4,10,4,3,2,3,1371,5915,4260,1,12,3,4,80,1,5,2,4,5,2,0,3,1,0,1,0,0,0,0,1,0,0,0,0,0,0,0,1,0,0,0,1,0,0,1,0,0,0,0,1
22,99,1,4,3,2,1,3,1368,9129,3894,5,16,3,3,80,0,4,3,3,2,2,1,2,0,1,0,0,1,0,1,0,0,0,1,0,0,0,0,0,0,0,1,0,0,0,0,0,0,1,1,0
30,64,3,7,3,3,1,3,990,7152,1274,1,13,3,2,80,2,1,2,2,1,0,0,0,0,1,1,0,0,0,1,0,0,0,0,0,0,0,1,0,0,1,0,0,0,0,0,0,0,1,1,0
44,32,4,29,4,3,2,4,200,7744,4541,1,25,4,2,80,0,20,3,3,20,11,13,17,0,1,0,0,1,0,1,0,0,0,0,0,0,0,1,0,0,0,0,1,0,0,0,0,1,0,1,0
30,67,1,24,4,3,1,3,1358,13335,2693,1,22,4,2,80,1,1,2,3,1,0,0,0,0,1,1,0,0,0,1,0,0,0,1,0,0,0,0,0,0,0,0,1,0,1,0,0,0,0,1,0
27,37,3,8,4,3,3,3,994,2975,8726,1,15,3,4,80,0,9,0,3,9,8,1,7,0,1,0,0,1,0,0,1,0,0,0,0,0,0,0,1,0,0,1,0,0,1,0,0,0,0,1,0
30,72,3,10,3,2,2,3,852,2706,6578,1,18,3,1,80,1,10,3,3,10,3,1,4,0,1,0,1,0,0,0,1,0,0,0,0,0,0,0,1,0,0,0,1,0,0,1,0,0,0,1,0
24,45,2,1,2,2,2,3,771,14120,4617,1,12,3,2,80,0,4,2,2,4,3,1,2,0,1,0,0,1,0,1,0,1,0,0,0,0,0,0,0,0,0,0,1,0,1,0,0,0,0,1,0
33,95,2,15,2,3,2,4,501,21653,4878,0,13,3,1,80,1,10,6,3,9,7,8,1,1,0,0,1,0,0,1,0,1,0,0,0,0,0,0,0,0,0,0,1,0,0,0,1,0,0,0,1
43,33,4,10,3,3,1,4,185,10675,2455,0,19,3,1,80,0,9,5,3,8,7,1,7,1,0,0,0,1,0,1,0,0,0,1,0,0,0,0,0,0,0,1,0,0,1,0,0,0,0,1,0
34,93,2,8,3,3,2,1,1111,13305,6500,5,17,3,2,80,1,6,1,3,3,2,1,2,1,0,0,1,0,0,0,1,0,0,0,0,0,0,0,1,0,0,0,1,0,1,0,0,0,0,1,0
46,98,4,5,1,3,2,4,1211,20445,5772,4,21,4,3,80,0,14,4,3,9,6,0,8,0,1,0,0,1,0,0,1,0,0,0,0,0,0,0,1,0,0,1,0,0,0,1,0,0,0,0,1
50,73,3,1,1,3,5,2,1115,9755,18172,3,19,3,1,80,0,28,1,2,8,3,0,7,1,0,0,1,0,0,1,0,0,0,0,0,0,1,0,0,0,0,1,0,0,1,0,0,0,0,0,1
37,46,4,1,1,2,3,3,625,14922,10609,5,11,3,3,80,0,17,2,1,14,1,11,7,0,1,0,1,0,0,0,1,0,0,0,0,0,0,0,1,0,0,0,1,0,1,0,0,0,0,1,0
29,44,2,2,2,3,2,4,442,20260,4554,1,18,3,1,80,0,10,3,2,10,7,0,9,0,1,0,0,1,0,0,1,0,0,0,0,0,0,0,1,0,0,1,0,0,1,0,0,0,0,1,0
44,79,5,1,1,3,2,3,383,9282,4768,7,12,3,3,80,1,11,4,2,1,0,0,0,1,0,0,1,0,0,0,1,0,0,0,0,0,0,0,1,0,0,1,0,0,0,1,0,0,0,1,0
44,49,3,20,4,3,1,2,1467,21158,3420,1,13,3,3,80,0,6,3,2,5,2,1,3,0,1,0,0,1,0,1,0,0,0,0,0,0,0,1,0,0,0,0,1,0,1,0,0,0,0,1,0
35,41,3,3,3,2,1,3,727,16900,1281,1,18,3,3,80,2,1,3,3,1,0,0,0,0,1,0,1,0,0,1,0,0,0,1,0,0,0,0,0,0,1,0,0,0,1,0,0,0,0,1,0
54,53,4,1,4,3,3,3,966,9659,10502,7,17,3,1,80,1,33,2,1,5,4,1,4,1,0,1,0,0,0,1,0,0,0,0,0,1,0,0,0,0,0,1,0,0,1,0,0,0,0,1,0
48,91,1,29,1,3,3,3,530,23978,12504,3,21,4,2,80,1,15,3,1,0,0,0,0,1,0,0,1,0,0,0,1,0,0,0,1,0,0,0,0,0,0,0,1,0,0,0,1,0,0,1,0
31,96,1,1,3,3,2,1,853,11275,4148,1,12,3,3,80,1,4,1,3,4,3,0,3,1,0,0,1,0,0,1,0,0,0,0,0,1,0,0,0,0,0,1,0,0,1,0,0,0,0,1,0
32,67,2,5,4,2,2,2,824,15624,5878,3,12,3,1,80,1,12,2,3,7,1,2,5,1,0,0,1,0,0,1,0,0,0,0,0,0,0,1,0,0,0,0,1,0,1,0,0,0,0,1,0
42,99,1,1,2,3,2,3,635,24532,4907,1,25,4,3,80,0,20,3,3,20,16,11,6,0,1,0,1,0,0,0,1,0,0,0,0,0,0,0,1,0,0,0,1,0,1,0,0,0,0,1,0
31,72,3,15,3,3,1,3,874,6233,2610,1,12,3,3,80,1,2,5,2,2,2,2,2,0,1,0,1,0,0,1,0,0,0,1,0,0,0,0,0,0,0,1,0,0,0,0,1,0,0,1,0
36,43,4,16,3,4,1,1,885,8269,2743,1,16,3,3,80,0,18,1,3,17,13,15,14,1,0,0,0,1,0,1,0,0,0,1,0,0,0,0,0,0,0,0,1,0,1,0,0,0,0,1,0
39,52,1,24,1,3,2,4,116,5340,4108,7,13,3,1,80,0,18,2,3,7,7,1,7,0,1,0,0,1,0,1,0,0,0,0,0,0,0,1,0,0,0,0,1,0,1,0,0,0,0,1,0
29,100,4,1,1,2,1,1,224,7568,2362,6,13,3,3,80,0,11,2,1,9,7,0,7,0,1,0,0,1,0,1,0,0,0,0,0,0,0,1,0,0,0,0,1,0,0,0,0,0,1,1,0
26,30,3,5,4,2,1,3,1167,21378,2966,0,18,3,4,80,0,5,2,3,4,2,0,0,1,0,0,0,1,0,0,1,0,0,0,0,0,0,0,0,1,0,0,1,0,0,0,0,1,0,1,0
34,67,3,19,1,4,2,4,1362,4652,5304,8,13,3,2,80,0,9,3,2,5,2,0,4,0,1,0,0,1,0,0,1,0,0,0,0,0,0,0,1,0,1,0,0,0,0,1,0,0,0,0,1
46,45,3,3,1,4,4,1,1319,7739,13225,2,12,3,4,80,1,25,5,3,19,17,2,8,1,0,1,0,0,0,0,1,0,0,0,0,0,0,0,1,0,0,0,1,0,0,0,0,0,1,1,0
38,75,2,2,3,2,1,2,594,15963,2468,4,14,3,2,80,1,9,4,2,6,1,0,5,1,0,0,1,0,0,1,0,0,0,1,0,0,0,0,0,0,0,1,0,0,0,0,1,0,0,1,0
55,81,4,1,2,4,4,4,1136,12414,14732,2,13,3,4,80,2,31,4,4,7,7,0,0,0,1,1,0,0,0,1,0,0,0,0,0,0,1,0,0,0,0,0,1,0,0,0,1,0,0,1,0
39,41,5,2,1,4,3,3,903,2560,7880,0,18,3,4,80,0,9,3,3,8,7,0,7,0,1,0,0,1,0,0,1,0,0,0,0,0,0,0,1,0,0,0,1,0,1,0,0,0,0,1,0
40,58,3,28,3,1,3,1,1094,11373,10932,3,15,3,3,80,1,20,2,3,1,0,0,1,0,1,1,0,0,0,0,1,0,0,0,0,0,0,0,1,0,1,0,0,0,0,0,0,1,0,1,0
34,75,4,2,3,3,1,3,303,11314,2231,6,18,3,4,80,1,6,3,3,4,3,1,2,1,0,0,1,0,0,0,1,0,0,0,0,0,0,0,0,1,0,1,0,0,0,1,0,0,0,1,0
29,71,5,25,3,2,1,2,408,18300,2546,5,16,3,2,80,0,6,2,4,2,2,1,1,1,0,0,1,0,0,1,0,0,0,0,0,0,0,1,0,0,0,0,1,0,0,0,0,0,1,1,0
56,72,2,7,4,3,1,3,310,3666,2339,8,11,3,4,80,1,14,4,1,10,9,9,8,0,1,0,1,0,0,1,0,0,0,1,0,0,0,0,0,0,0,0,1,0,0,0,0,0,1,1,0
32,68,4,1,2,2,1,2,234,18024,2269,0,14,3,2,80,1,3,2,3,2,2,2,2,0,1,0,1,0,0,0,1,0,0,0,0,0,0,0,0,1,0,0,1,0,0,0,1,0,0,1,0
53,48,4,24,2,4,3,4,1395,3458,7005,3,15,3,3,80,0,11,2,3,4,3,1,2,0,1,0,1,0,0,1,0,1,0,0,0,0,0,0,0,0,0,0,1,0,0,0,1,0,0,1,0
23,63,3,6,3,4,1,1,1243,3445,1601,1,21,4,3,80,2,1,2,3,0,0,0,0,0,1,0,1,0,0,1,0,0,0,1,0,0,0,0,0,0,0,0,1,0,1,0,0,0,0,0,1
35,78,2,8,3,2,3,4,1212,13755,10377,4,11,3,2,80,1,16,6,2,13,2,4,12,1,0,0,1,0,0,0,1,0,0,0,0,0,0,0,1,0,1,0,0,0,0,1,0,0,0,0,1
48,97,3,6,1,2,2,3,277,13119,4240,2,13,3,4,80,0,19,0,3,2,2,2,2,0,1,0,0,1,0,1,0,1,0,0,0,0,0,0,0,0,0,0,1,0,1,0,0,0,0,1,0
26,79,2,29,2,1,2,1,265,21813,4969,8,18,3,4,80,0,7,6,3,2,2,2,2,0,1,0,0,1,0,0,1,0,0,0,0,0,0,0,1,0,1,0,0,0,0,0,1,0,0,1,0
35,79,3,1,2,3,1,1,664,5868,2194,4,13,3,4,80,1,5,2,2,3,2,1,2,0,1,0,1,0,0,1,0,0,0,0,0,0,0,1,0,0,0,1,0,0,0,0,1,0,0,1,0
35,80,4,18,3,3,2,3,1199,24594,5689,1,14,3,4,80,2,10,2,4,10,2,0,2,0,1,0,1,0,0,1,0,1,0,0,0,0,0,0,0,0,0,1,0,0,1,0,0,0,0,0,1
38,43,1,1,3,3,1,1,362,14561,2619,3,17,3,4,80,0,8,3,2,0,0,0,0,1,0,0,0,1,0,1,0,0,0,0,0,0,0,1,0,0,0,0,1,0,1,0,0,0,0,1,0
55,83,5,18,1,3,4,2,1117,9873,16835,3,23,4,4,80,0,37,2,3,10,9,7,7,1,0,0,0,1,0,0,1,0,0,0,1,0,0,0,0,0,0,0,1,0,1,0,0,0,0,1,0
37,75,3,2,4,3,2,3,558,3010,9602,4,11,3,3,80,1,17,3,2,3,0,1,0,0,1,0,1,0,0,0,1,0,0,0,0,0,0,0,1,0,0,0,1,0,0,1,0,0,0,0,1
30,89,3,9,2,3,1,4,945,16019,1081,1,13,3,3,80,0,1,3,2,1,0,0,0,0,1,0,0,1,0,0,1,0,0,0,0,0,0,0,0,1,0,0,1,0,0,0,1,0,0,1,0
51,66,4,26,1,3,4,3,1318,5594,16307,2,14,3,3,80,1,29,2,2,20,6,4,17,1,0,0,1,0,0,0,1,0,0,0,1,0,0,0,0,0,0,0,1,0,0,1,0,0,0,1,0
31,48,2,7,3,2,3,3,798,14034,8943,1,24,4,1,80,1,10,2,3,10,9,8,9,1,0,0,1,0,0,1,0,0,0,0,0,1,0,0,0,0,0,1,0,0,1,0,0,0,0,1,0
57,56,3,29,1,2,4,4,210,22102,14118,3,12,3,3,80,1,32,3,2,1,0,0,0,0,1,1,0,0,0,0,1,0,0,0,1,0,0,0,0,0,0,0,1,0,0,1,0,0,0,1,0
32,92,4,9,1,3,2,4,646,18089,6322,1,12,3,4,80,1,6,2,2,6,4,0,5,1,0,0,1,0,0,1,0,0,0,0,0,0,0,1,0,0,0,0,1,0,1,0,0,0,0,0,1
41,46,4,12,2,3,1,4,167,9051,4766,3,11,3,1,80,1,6,4,3,1,0,0,0,0,1,0,1,0,0,1,0,0,0,1,0,0,0,0,0,0,0,0,1,0,1,0,0,0,0,0,1
38,42,2,2,4,3,1,4,1490,12106,1702,1,23,4,3,80,1,1,3,3,1,0,0,0,0,1,0,1,0,0,1,0,0,0,1,0,0,0,0,0,0,0,1,0,0,1,0,0,0,0,0,1
27,87,3,2,4,3,1,4,591,6297,2580,2,13,3,3,80,0,6,0,2,4,2,1,2,0,1,0,0,1,0,1,0,0,0,0,0,0,0,1,0,0,0,1,0,0,0,0,1,0,0,1,0
37,69,4,9,1,3,3,2,142,24666,8834,1,13,3,4,80,1,9,6,3,9,5,7,7,0,1,1,0,0,0,0,1,0,0,0,0,0,0,0,1,0,1,0,0,0,0,0,1,0,0,1,0
44,75,5,1,2,3,2,1,1488,4009,5454,5,21,4,3,80,1,9,2,2,4,3,1,3,1,0,1,0,0,0,0,1,0,0,0,0,0,0,0,1,0,0,0,1,0,0,1,0,0,0,0,1
29,51,4,21,2,4,3,1,1389,10195,9980,1,11,3,3,80,1,10,1,3,10,9,8,8,1,0,1,0,0,0,1,0,0,0,0,0,1,0,0,0,0,0,0,1,0,1,0,0,0,0,1,0
35,32,4,1,3,2,2,1,776,23016,4312,0,14,3,2,80,0,16,2,3,15,13,2,8,0,1,0,0,1,0,0,1,0,0,0,0,0,0,0,1,0,0,0,1,0,0,1,0,0,0,1,0
30,33,1,16,2,3,1,4,793,3811,2862,1,12,3,2,80,1,10,2,2,10,0,0,8,0,1,0,1,0,0,1,0,0,0,0,0,0,0,1,0,0,0,0,1,0,1,0,0,0,0,1,0
38,54,2,2,4,2,3,3,397,14199,7756,3,19,3,4,80,1,10,6,4,5,4,0,2,1,0,0,1,0,0,1,0,0,0,0,0,1,0,0,0,0,0,0,1,0,0,0,1,0,0,0,1
34,70,1,9,2,3,2,3,1400,5829,5714,1,20,4,1,80,0,6,3,2,6,5,1,3,1,0,0,1,0,0,0,1,0,0,0,0,0,0,0,1,0,0,0,1,0,1,0,0,0,0,1,0
42,90,2,5,4,3,5,3,265,7770,18303,6,13,3,2,80,0,21,3,4,1,0,0,0,0,1,0,1,0,0,0,1,0,0,0,1,0,0,0,0,0,0,0,1,0,0,1,0,0,0,1,0
48,54,3,4,4,3,3,4,855,18706,7898,1,11,3,3,80,0,11,2,3,10,9,0,8,0,1,0,0,1,0,1,0,0,0,0,0,1,0,0,0,0,0,0,1,0,1,0,0,0,0,1,0
39,80,4,2,4,2,2,3,408,20978,4553,1,11,3,1,80,0,20,4,3,20,7,11,10,1,0,0,0,1,0,1,0,1,0,0,0,0,0,0,0,0,0,0,1,0,0,0,0,0,1,1,0
49,92,4,18,4,3,2,4,1002,23793,6804,1,15,3,1,80,2,7,0,3,7,7,1,7,0,1,1,0,0,0,1,0,0,0,0,0,1,0,0,0,0,1,0,0,0,1,0,0,0,0,0,1
41,75,3,6,4,3,3,4,896,14674,13591,3,18,3,3,80,0,16,3,3,1,0,0,0,1,0,0,0,1,0,0,1,0,0,0,1,0,0,0,0,0,0,0,1,0,1,0,0,0,0,0,1
30,48,3,9,3,3,2,4,1240,13982,6347,0,19,3,4,80,0,12,2,1,11,9,4,7,0,1,0,1,0,1,0,0,0,1,0,0,0,0,0,0,0,0,0,1,1,0,0,0,0,0,0,1
40,74,2,16,3,3,1,3,458,8532,3544,9,16,3,2,80,1,6,0,3,4,2,0,0,0,1,1,0,0,0,1,0,0,0,0,0,0,0,1,0,0,1,0,0,0,1,0,0,0,0,1,0
31,50,4,1,2,1,1,3,667,16154,1359,1,12,3,2,80,0,1,3,3,1,0,0,0,1,0,0,0,1,0,0,1,0,0,0,0,0,0,0,0,1,0,1,0,0,1,0,0,0,0,1,0
44,50,4,1,1,2,2,3,1112,26894,5985,4,11,3,2,80,0,10,1,4,2,2,0,2,1,0,0,0,1,1,0,0,0,1,0,0,0,0,0,0,0,0,0,1,0,1,0,0,0,0,1,0
29,62,1,7,1,2,1,4,1086,6054,2532,6,14,3,3,80,3,8,5,3,4,3,0,3,1,0,1,0,0,0,1,0,0,0,1,0,0,0,0,0,0,0,0,1,0,0,0,1,0,0,1,0
38,72,4,6,1,2,2,3,508,14284,5321,2,11,3,4,80,1,10,1,3,8,3,7,7,0,1,0,1,0,0,1,0,0,0,0,0,1,0,0,0,0,0,1,0,0,1,0,0,0,0,1,0
41,66,3,1,3,3,2,1,1018,4297,4103,0,17,3,4,80,1,10,2,3,9,3,1,7,1,0,1,0,0,0,0,1,0,0,0,0,0,0,0,1,0,0,1,0,0,0,1,0,0,0,1,0
33,48,3,1,1,4,2,1,586,21816,4037,1,22,4,1,80,1,9,5,3,9,8,0,8,0,1,1,0,0,0,0,1,0,0,0,0,0,0,0,1,0,0,0,1,0,0,0,1,0,0,1,0
44,31,3,7,2,3,5,4,1313,3549,19049,0,14,3,4,80,1,23,4,2,22,7,1,10,1,0,1,0,0,0,1,0,0,0,0,0,0,1,0,0,0,0,0,1,0,0,0,1,0,0,0,1
36,63,3,8,1,4,3,1,427,20335,11713,9,14,3,1,80,1,10,2,3,8,7,0,5,1,0,0,1,0,0,1,0,0,0,0,0,0,1,0,0,0,1,0,0,0,1,0,0,0,0,1,0
34,60,3,2,4,3,2,4,304,18686,6274,1,22,4,3,80,0,6,5,3,6,5,1,4,0,1,0,0,1,0,0,1,0,0,0,0,0,0,0,1,0,0,0,1,0,0,0,0,1,0,1,0
46,83,4,2,2,3,5,1,705,22822,18947,3,12,3,4,80,0,22,2,2,2,2,2,1,1,0,0,0,1,0,0,1,0,0,0,1,0,0,0,0,0,0,0,1,0,0,1,0,0,0,1,0
44,74,3,17,4,1,1,3,111,4279,2290,2,13,3,4,80,0,6,3,3,0,0,0,0,0,1,0,0,1,0,1,0,0,0,0,0,0,0,1,0,0,1,0,0,0,1,0,0,0,0,1,0
35,52,4,8,3,3,2,3,208,12250,4148,1,12,3,4,80,1,15,5,3,14,11,2,9,1,0,0,1,0,0,1,0,1,0,0,0,0,0,0,0,0,1,0,0,0,1,0,0,0,0,1,0
29,36,2,1,2,2,1,1,805,6689,2319,1,11,3,4,80,1,1,1,3,1,0,0,0,1,0,0,1,0,0,1,0,0,0,1,0,0,0,0,0,0,0,0,1,0,1,0,0,0,0,0,1
38,33,4,1,2,4,2,4,827,19383,7625,0,13,3,3,80,0,10,4,2,9,7,1,8,1,0,0,0,1,0,1,0,1,0,0,0,0,0,0,0,0,0,0,1,0,1,0,0,0,0,1,0
53,57,2,13,4,4,2,1,1084,26250,4450,1,11,3,3,80,2,5,3,3,4,2,1,3,1,0,1,0,0,0,1,0,0,0,0,0,1,0,0,0,0,0,0,1,0,0,0,1,0,0,1,0
50,96,1,4,1,3,5,2,797,15815,19144,3,14,3,1,80,2,28,4,2,10,4,1,6,0,1,1,0,0,0,1,0,0,0,0,0,0,1,0,0,0,0,0,1,0,1,0,0,0,0,1,0
37,54,2,21,3,3,1,4,1231,21222,2973,5,15,3,2,80,1,10,3,3,5,4,0,0,1,0,0,1,0,0,0,1,0,0,0,0,0,0,0,0,1,0,1,0,0,0,0,1,0,0,1,0
37,58,4,10,4,3,2,1,370,4992,4213,1,15,3,2,80,0,10,4,1,10,3,0,8,0,1,0,0,1,0,1,0,0,0,0,0,1,0,0,0,0,0,0,1,0,0,0,1,0,0,1,0
38,82,4,23,4,3,2,4,688,18899,5745,9,14,3,2,80,1,10,2,3,2,2,1,2,0,1,1,0,0,0,1,0,1,0,0,0,0,0,0,0,0,0,0,1,0,1,0,0,0,0,1,0
28,72,3,1,1,2,1,3,1423,12530,1563,1,14,3,4,80,1,1,2,1,1,0,0,0,0,1,1,0,0,0,1,0,0,0,0,0,0,0,1,0,0,0,0,1,0,1,0,0,0,0,1,0
55,65,1,2,4,3,3,2,1091,15813,10976,3,18,3,2,80,1,23,4,3,3,2,1,2,0,1,0,1,0,0,1,0,0,0,0,0,1,0,0,0,0,0,1,0,0,1,0,0,0,0,1,0
38,65,1,17,3,2,3,3,330,24608,8823,0,18,3,1,80,1,20,4,2,19,9,1,9,1,0,0,1,0,0,1,0,1,0,0,0,0,0,0,0,0,0,0,1,0,1,0,0,0,0,1,0
45,94,3,2,1,1,5,2,1449,2493,18824,2,16,3,1,80,0,26,2,3,24,10,1,11,1,0,0,0,1,0,0,1,0,0,0,1,0,0,0,0,0,0,0,1,0,0,1,0,0,0,0,1
31,89,5,18,4,4,1,1,359,21495,2956,0,17,3,3,80,0,2,4,3,1,0,0,0,0,1,0,1,0,1,0,0,0,1,0,0,0,0,0,0,0,0,0,1,1,0,0,0,0,0,1,0
43,72,2,2,4,4,1,3,1273,21923,2645,1,12,3,4,80,2,6,3,2,5,3,1,4,1,0,1,0,0,0,1,0,0,0,0,0,0,0,1,0,0,0,0,1,0,0,0,1,0,0,1,0
40,98,4,1,1,3,4,1,1137,18991,16823,2,11,3,1,80,1,22,3,3,19,7,11,16,0,1,1,0,0,0,1,0,0,0,0,1,0,0,0,0,0,0,0,1,0,1,0,0,0,0,1,0
30,83,3,12,2,3,2,3,1082,19558,6577,0,11,3,2,80,0,6,6,3,5,4,4,4,1,0,0,0,1,0,0,1,0,0,0,0,0,0,0,1,0,0,0,1,0,0,0,0,0,1,1,0
28,48,3,26,3,2,2,1,736,24232,4724,1,11,3,3,80,1,5,0,3,5,3,0,4,0,1,0,1,0,0,0,1,0,0,0,0,0,0,0,1,0,0,0,1,0,1,0,0,0,0,1,0
18,70,2,3,2,3,1,4,544,18420,1569,1,12,3,3,80,0,0,2,4,0,0,0,0,1,0,0,0,1,0,0,1,0,0,0,0,0,0,0,0,1,0,1,0,0,0,0,1,0,0,0,1
28,79,4,2,1,3,1,3,529,14935,3485,2,11,3,3,80,0,5,5,1,0,0,0,0,0,1,0,0,1,0,1,0,0,0,1,0,0,0,0,0,0,0,0,1,0,1,0,0,0,0,1,0
39,41,2,3,4,3,2,3,1162,17778,5238,4,18,3,1,80,0,12,3,2,1,0,0,0,1,0,0,1,0,0,0,1,0,0,0,0,0,0,0,1,0,0,0,1,0,0,0,1,0,0,0,1
25,77,1,2,4,4,2,3,772,4973,5206,1,17,3,3,80,2,7,6,3,7,7,0,7,0,1,1,0,0,0,1,0,0,0,0,0,1,0,0,0,0,0,1,0,0,1,0,0,0,0,1,0
33,46,4,8,1,3,2,1,1242,10589,6392,2,13,3,4,80,1,8,6,1,2,2,2,2,0,1,0,1,0,0,0,1,0,0,0,0,0,0,0,1,0,0,0,1,0,1,0,0,0,0,1,0
28,84,2,13,4,3,2,3,1475,23352,9854,3,11,3,4,80,0,6,0,3,2,0,2,2,1,0,0,0,1,0,0,1,0,0,0,0,0,0,0,1,0,0,0,1,0,0,1,0,0,0,0,1
60,80,3,28,3,2,3,1,1499,2845,10266,4,19,3,4,80,0,22,5,4,18,13,13,11,1,0,0,1,0,0,0,1,0,0,0,0,0,0,0,1,0,0,1,0,0,0,1,0,0,0,1,0
42,44,3,12,3,3,4,1,481,2447,13758,0,12,3,2,80,0,22,2,2,21,9,13,14,0,1,0,0,1,0,0,1,0,0,0,0,0,0,0,1,0,0,1,0,0,1,0,0,0,0,0,1
34,96,2,8,2,3,2,3,970,7360,6142,3,11,3,4,80,0,10,2,3,5,1,4,3,1,0,0,0,1,0,1,0,1,0,0,0,0,0,0,0,0,0,0,1,0,0,0,1,0,0,1,0
47,35,2,2,3,3,2,4,249,17783,4537,0,22,4,1,80,1,8,2,3,7,6,7,7,1,0,0,1,0,0,0,1,0,0,0,0,0,0,0,1,0,0,0,1,0,0,1,0,0,0,0,1
56,81,3,9,3,3,4,4,832,20420,11103,7,11,3,3,80,0,30,1,2,10,7,1,1,0,1,0,1,0,0,1,0,1,0,0,0,0,0,0,0,0,0,0,1,0,0,0,1,0,0,1,0
32,65,4,5,2,3,1,2,953,17674,2718,2,14,3,2,80,0,12,3,3,7,7,0,7,0,1,0,0,1,0,1,0,0,0,0,0,0,0,1,0,0,1,0,0,0,0,0,0,0,1,1,0
49,85,2,4,1,2,5,3,1098,12124,18711,2,13,3,3,80,1,23,2,4,1,0,0,0,0,1,0,1,0,0,1,0,0,0,0,1,0,0,0,0,0,0,0,1,0,0,0,1,0,0,1,0
37,53,3,9,2,3,1,4,889,11411,2326,1,12,3,3,80,3,4,3,2,4,2,1,2,0,1,0,1,0,0,1,0,0,0,0,0,0,0,1,0,0,0,1,0,0,0,0,1,0,0,0,1
41,56,3,4,1,3,2,2,143,9558,9355,1,18,3,3,80,0,8,5,3,8,7,7,7,0,1,0,0,1,0,0,1,0,0,0,0,0,0,0,1,0,0,1,0,0,0,1,0,0,0,1,0
37,98,3,10,3,3,1,1,921,17663,3452,6,20,4,2,80,1,17,3,3,5,4,0,3,1,0,0,1,0,0,1,0,0,0,1,0,0,0,0,0,0,0,0,1,0,0,0,1,0,0,1,0
28,55,3,7,3,3,2,1,467,11827,4898,0,14,3,4,80,0,5,5,3,4,2,1,3,0,1,0,0,1,0,0,1,0,0,0,0,0,0,0,1,0,0,1,0,0,1,0,0,0,0,1,0
27,77,3,15,4,2,1,1,1131,23844,4774,0,19,3,4,80,1,8,2,2,7,6,7,3,1,0,0,1,0,0,1,0,0,0,0,0,0,0,1,0,0,0,1,0,0,1,0,0,0,0,1,0
34,62,4,2,4,2,1,3,1303,8416,2768,3,12,3,3,80,1,14,3,3,7,3,5,7,0,1,1,0,0,0,1,0,0,0,0,0,0,0,1,0,0,0,0,1,0,1,0,0,0,0,1,0
37,56,3,1,4,2,2,4,977,9961,6474,1,13,3,2,80,1,14,2,2,14,8,3,11,1,0,0,1,0,0,1,0,0,0,0,0,1,0,0,0,0,0,0,1,0,1,0,0,0,0,1,0
59,57,1,1,1,2,2,3,1225,24668,5473,7,11,3,4,80,0,20,2,2,4,3,1,3,1,0,0,0,1,0,0,1,0,0,0,0,0,0,0,1,0,0,1,0,0,1,0,0,0,0,1,0
31,48,4,7,4,3,2,4,655,9528,5915,3,22,4,4,80,1,10,3,2,7,7,1,7,0,1,1,0,0,0,1,0,0,0,1,0,0,0,0,0,0,0,0,1,0,1,0,0,0,0,1,0
31,87,4,1,3,3,1,2,1082,18775,2501,1,17,3,2,80,0,1,4,3,1,1,1,0,0,1,0,0,1,0,1,0,0,0,0,0,0,0,1,0,0,0,0,1,0,0,0,1,0,0,1,0
36,30,3,3,3,3,2,2,506,26285,4485,4,12,3,4,80,0,10,2,3,8,0,7,7,0,1,0,0,1,0,1,0,0,0,0,0,0,0,1,0,0,0,0,1,0,0,0,0,0,1,1,0
27,86,3,8,2,4,1,3,486,22490,3517,7,17,3,1,80,0,5,0,3,3,2,0,2,1,0,0,1,0,0,1,0,0,0,0,0,0,0,1,0,0,0,0,1,0,0,0,1,0,0,1,0
40,44,3,14,3,2,5,3,1308,17544,19626,1,14,3,1,80,0,21,2,4,20,7,4,9,0,1,0,0,1,0,1,0,0,0,0,0,0,1,0,0,0,0,0,1,0,0,0,1,0,0,1,0
25,62,3,1,1,3,2,3,685,7505,4898,0,12,3,4,80,2,5,3,3,4,2,1,2,1,0,0,1,0,0,1,0,0,0,0,0,1,0,0,0,0,0,0,1,0,1,0,0,0,0,1,0
41,56,2,10,4,3,2,4,267,13430,6230,7,14,3,4,80,0,16,3,3,14,3,1,10,0,1,0,0,1,0,0,1,0,0,0,0,0,0,0,1,0,1,0,0,0,1,0,0,0,0,1,0
50,94,4,1,2,3,2,3,878,14255,6728,7,12,3,4,80,2,12,3,3,6,3,0,1,0,1,1,0,0,0,0,1,0,0,0,0,0,0,0,1,0,0,1,0,0,1,0,0,0,0,1,0
24,38,3,24,4,3,1,4,535,5530,2400,0,13,3,3,80,2,3,3,3,2,2,2,1,0,1,0,1,0,0,0,1,0,0,0,0,0,0,0,0,1,0,1,0,0,0,0,1,0,0,1,0
33,82,5,10,4,4,3,3,536,21708,8380,0,14,3,4,80,2,10,3,3,9,8,0,8,0,1,1,0,0,0,0,1,0,0,0,0,0,0,0,1,0,0,0,1,0,0,1,0,0,0,0,1
29,99,3,10,3,3,1,3,1396,2755,2642,1,11,3,3,80,0,1,6,3,1,0,0,0,0,1,0,0,1,0,0,1,0,0,0,0,0,0,0,0,1,0,0,1,0,1,0,0,0,0,1,0
42,95,3,3,3,4,2,4,1265,23726,5231,2,13,3,2,80,1,17,1,2,5,3,1,3,1,0,0,1,0,0,1,0,0,0,1,0,0,0,0,0,0,0,0,1,0,1,0,0,0,0,0,1
42,98,4,2,1,2,2,4,1332,17078,6781,3,23,4,2,80,0,14,6,3,1,0,0,0,0,1,0,0,1,0,1,0,1,0,0,0,0,0,0,0,0,0,0,1,0,0,0,0,1,0,1,0
33,88,1,8,2,2,1,4,1038,21437,2342,0,19,3,4,80,0,3,2,2,2,2,2,2,1,0,0,0,1,0,0,1,0,0,0,0,0,0,0,0,1,1,0,0,0,1,0,0,0,0,1,0
19,57,3,25,2,4,1,4,265,21221,2994,1,12,3,4,80,0,1,2,3,1,0,0,1,1,0,0,0,1,0,1,0,0,0,0,0,0,0,1,0,0,0,0,1,0,1,0,0,0,0,0,1
26,47,3,23,3,2,2,4,1443,21436,4157,7,19,3,3,80,1,5,2,2,2,2,0,0,1,0,0,1,0,0,0,1,0,0,0,0,0,0,0,1,0,0,0,1,0,0,1,0,0,0,0,1
35,72,4,8,1,3,1,4,384,20317,2572,1,16,3,2,80,1,3,1,2,3,2,0,2,1,0,0,1,0,0,0,1,0,0,0,0,0,0,0,0,1,0,0,1,0,1,0,0,0,0,1,0
47,88,4,29,1,3,3,2,666,10268,11849,1,12,3,4,80,1,10,2,2,10,7,9,9,0,1,0,1,0,0,1,0,0,0,0,1,0,0,0,0,0,1,0,0,0,1,0,0,0,0,0,1
30,96,3,23,1,1,1,3,1312,22310,2613,1,25,4,3,80,3,10,2,2,10,7,0,9,0,1,1,0,0,0,1,0,0,0,0,0,0,0,1,0,0,0,1,0,0,1,0,0,0,0,1,0
35,63,2,7,3,2,1,4,1349,7713,2690,1,18,3,4,80,1,1,5,2,1,0,0,1,0,1,0,1,0,0,1,0,0,0,1,0,0,0,0,0,0,0,0,1,0,1,0,0,0,0,1,0
32,73,4,13,2,3,2,4,117,9250,4403,2,11,3,3,80,1,8,3,2,5,2,0,3,0,1,1,0,0,0,0,1,0,0,0,0,0,0,0,1,0,0,0,1,0,1,0,0,0,0,1,0
34,86,3,1,4,2,1,2,401,3708,3294,5,17,3,1,80,1,7,2,2,5,4,0,2,1,0,0,1,0,0,1,0,0,0,1,0,0,0,0,0,0,0,0,1,0,1,0,0,0,0,1,0
55,78,3,2,4,3,5,1,725,21199,19859,5,13,3,4,80,1,24,2,3,5,2,1,4,0,1,0,1,0,0,1,0,0,0,0,1,0,0,0,0,0,0,0,1,0,0,0,1,0,0,0,1
50,98,4,2,1,3,4,1,881,4544,17924,1,11,3,4,80,1,31,3,3,31,6,14,7,0,1,1,0,0,0,1,0,0,0,0,1,0,0,0,0,0,1,0,0,0,1,0,0,0,0,1,0
36,96,3,2,4,3,1,3,329,11868,2543,4,13,3,2,80,1,6,3,3,2,2,2,2,1,0,0,1,0,0,1,0,0,0,0,0,0,0,1,0,0,0,0,1,0,1,0,0,0,0,1,0
50,41,5,20,2,3,4,3,1234,20689,11245,2,15,3,3,80,1,32,3,3,30,8,12,13,0,1,0,1,0,0,1,0,1,0,0,0,0,0,0,0,0,0,1,0,0,0,0,1,0,0,0,1
28,79,1,12,3,3,1,4,1485,22955,2515,1,11,3,4,80,0,1,4,2,1,1,0,0,1,0,0,1,0,0,1,0,0,0,1,0,0,0,0,0,0,0,0,1,0,1,0,0,0,0,0,1
31,64,3,23,2,2,2,4,1463,14408,5582,0,21,4,2,80,1,10,2,3,9,0,7,8,0,1,0,1,0,0,1,0,1,0,0,0,0,0,0,0,0,0,0,1,0,0,0,1,0,0,1,0
36,99,4,3,1,3,2,2,1174,20763,9278,3,16,3,4,80,0,15,3,3,5,4,0,1,1,0,0,0,1,0,0,1,0,0,0,0,0,0,0,1,0,0,0,1,0,0,1,0,0,0,0,1
27,32,2,10,4,3,3,1,294,4809,8793,1,21,4,3,80,2,9,4,2,9,7,1,7,0,1,1,0,0,0,1,0,0,0,0,0,1,0,0,0,0,0,1,0,0,1,0,0,0,0,1,0
32,56,2,4,3,3,1,2,1401,20990,3931,2,11,3,1,80,1,6,5,3,4,3,1,2,1,0,0,1,0,0,0,1,0,0,0,0,0,0,0,0,1,0,0,1,0,1,0,0,0,0,1,0
25,65,1,2,1,4,1,1,180,21632,3424,7,13,3,3,80,0,6,3,2,4,3,0,1,0,1,0,0,1,0,1,0,0,0,0,0,0,0,1,0,0,0,0,1,0,0,0,1,0,0,1,0
40,79,4,2,3,3,5,3,1398,13022,18041,0,14,3,4,80,0,21,2,3,20,15,1,12,1,0,0,1,0,0,0,1,0,0,0,1,0,0,0,0,0,0,0,1,0,1,0,0,0,0,1,0
49,72,4,22,1,3,4,2,301,3498,16413,3,16,3,2,80,2,27,2,3,4,2,1,2,1,0,0,1,0,0,1,0,0,0,0,0,0,1,0,0,0,0,0,1,0,0,0,0,1,0,1,0
33,30,3,6,3,3,2,4,1296,5335,7725,3,23,4,3,80,1,15,2,1,13,11,4,7,0,1,1,0,0,0,1,0,1,0,0,0,0,0,0,0,0,0,1,0,0,1,0,0,0,0,1,0
32,71,1,1,4,3,1,1,827,15178,2956,1,13,3,4,80,0,1,2,3,1,0,0,0,0,1,0,0,1,0,1,0,0,0,0,0,0,0,1,0,0,0,0,1,0,1,0,0,0,0,1,0
36,70,4,2,3,3,1,4,1157,17001,2644,3,21,4,4,80,0,7,3,2,3,2,1,2,0,1,0,0,1,0,0,1,0,0,0,0,0,0,0,0,1,0,0,1,0,1,0,0,0,0,0,1
51,82,2,11,4,2,4,2,1405,24439,13142,3,16,3,2,80,0,29,1,2,5,2,0,3,1,0,0,0,1,0,1,0,0,0,0,0,1,0,0,0,0,0,0,1,0,0,0,0,0,1,1,0
30,74,4,12,2,2,1,1,448,14470,2033,1,18,3,3,80,1,1,2,4,1,0,0,0,0,1,0,1,0,0,0,1,0,0,0,0,0,0,0,0,1,0,1,0,0,1,0,0,0,0,1,0
54,91,5,22,2,3,4,3,584,18685,17426,3,25,4,3,80,1,36,6,3,10,8,4,7,1,0,0,1,0,0,1,0,0,0,0,1,0,0,0,0,0,0,0,1,0,0,0,1,0,0,1,0
31,68,4,7,1,3,3,1,1125,8277,9637,2,14,3,4,80,2,9,3,3,3,2,2,2,1,0,0,1,0,0,0,1,0,0,0,0,0,0,0,1,0,0,1,0,0,0,1,0,0,0,1,0
35,45,3,10,2,3,1,4,802,9541,3917,1,20,4,1,80,1,3,4,2,3,2,1,2,0,1,1,0,0,0,1,0,0,0,1,0,0,0,0,0,0,0,0,1,0,0,0,0,1,0,1,0
47,64,4,9,2,3,1,3,207,5411,2105,4,12,3,3,80,0,7,2,3,2,2,2,0,1,0,0,0,1,0,1,0,0,0,1,0,0,0,0,0,0,0,0,1,0,1,0,0,0,0,1,0
45,91,4,1,4,3,1,4,974,11005,2270,3,14,3,4,80,2,8,2,3,5,3,0,2,1,0,1,0,0,0,1,0,0,0,1,0,0,0,0,0,0,0,0,1,0,0,0,1,0,0,1,0
27,42,1,5,3,2,3,4,269,8842,12808,1,16,3,2,80,1,9,3,3,9,8,0,8,0,1,1,0,0,0,1,0,0,0,0,0,0,1,0,0,0,0,0,1,0,0,0,0,0,1,0,1
47,92,3,4,3,2,3,2,1001,19271,10333,8,12,3,3,80,1,28,4,3,22,11,14,10,1,0,1,0,0,0,1,0,0,0,0,0,1,0,0,0,0,0,0,1,0,1,0,0,0,0,0,1
55,30,4,4,4,3,2,3,1229,16143,4035,0,16,3,2,80,0,4,2,3,3,2,1,2,0,1,0,1,0,0,1,0,1,0,0,0,0,0,0,0,0,0,0,1,0,1,0,0,0,0,0,1
54,88,4,19,3,3,3,2,397,6729,10725,2,15,3,3,80,1,16,1,4,9,7,7,1,0,1,0,1,0,1,0,0,0,1,0,0,0,0,0,0,0,0,0,1,0,0,0,1,0,0,1,0
31,39,4,7,3,3,3,4,1232,25713,7143,1,14,3,3,80,0,11,2,2,11,9,4,10,1,0,0,0,1,0,1,0,0,0,0,0,1,0,0,0,0,0,0,1,0,0,0,1,0,0,0,1
41,91,5,2,2,3,4,1,1276,5626,16595,7,16,3,2,80,1,22,2,3,18,16,11,8,1,0,0,1,0,0,0,1,0,0,0,1,0,0,0,0,0,0,0,1,0,1,0,0,0,0,1,0
29,87,1,2,1,3,2,4,995,24483,8853,1,19,3,4,80,1,6,0,4,6,4,1,3,0,1,1,0,0,0,1,0,1,0,0,0,0,0,0,0,0,0,1,0,0,1,0,0,0,0,1,0
39,38,3,6,4,4,3,3,1462,4658,8237,2,11,3,1,80,1,11,3,3,7,6,7,6,0,1,0,1,0,0,0,1,0,0,0,0,0,0,0,1,0,0,0,1,0,0,0,1,0,0,1,0
39,48,3,1,3,4,3,4,1132,10942,9613,0,17,3,1,80,3,19,5,2,18,10,3,7,0,1,1,0,0,0,1,0,1,0,0,0,0,0,0,0,0,0,0,1,0,0,0,1,0,0,1,0
31,48,4,11,4,3,1,4,1222,14871,2356,3,19,3,2,80,1,8,2,3,6,4,0,2,0,1,0,1,0,0,1,0,0,0,0,0,0,0,1,0,0,0,0,1,0,1,0,0,0,0,0,1
35,72,3,16,4,3,3,3,1276,14295,7632,4,12,3,3,80,0,10,2,3,8,7,0,0,0,1,0,1,0,0,1,0,1,0,0,0,0,0,0,0,0,0,0,1,0,1,0,0,0,0,0,1
24,91,1,29,2,3,1,1,506,3622,3907,1,13,3,2,80,3,6,2,4,6,2,1,2,0,1,1,0,0,0,1,0,0,0,1,0,0,0,0,0,0,0,0,1,0,0,0,1,0,0,1,0
27,60,1,1,3,2,2,1,472,9679,4298,5,19,3,3,80,1,6,1,3,2,2,2,0,0,1,0,1,0,0,1,0,0,0,0,0,1,0,0,0,0,0,1,0,0,0,0,0,0,1,1,0
26,62,4,17,4,1,1,3,390,6217,2305,1,15,3,3,80,3,3,3,4,3,2,0,2,0,1,0,1,0,0,1,0,0,0,1,0,0,0,0,0,0,0,0,1,0,0,0,1,0,0,1,0
43,50,4,6,2,2,4,4,782,2671,16627,4,14,3,3,80,1,21,3,2,1,0,0,0,0,1,1,0,0,0,1,0,0,0,0,0,0,1,0,0,0,0,0,1,0,0,0,0,1,0,0,1
27,42,3,14,1,3,1,1,1103,14377,2235,1,14,3,4,80,2,9,3,2,9,7,6,8,0,1,0,1,0,0,1,0,0,0,0,0,0,0,1,0,0,0,0,1,0,1,0,0,0,0,0,1
36,41,2,23,3,4,2,4,884,12290,2571,4,17,3,3,80,1,17,3,3,5,2,0,3,0,1,0,1,0,0,1,0,0,0,1,0,0,0,0,0,0,0,1,0,0,0,0,1,0,0,1,0
31,63,4,26,1,3,2,4,754,21075,5617,1,11,3,3,80,0,10,4,3,10,7,0,8,0,1,0,1,0,0,0,1,0,0,0,0,0,0,0,1,0,0,1,0,0,0,1,0,0,0,0,1
50,64,3,2,3,3,4,3,691,6881,17639,5,16,3,4,80,0,30,3,3,4,3,0,3,0,1,0,1,0,0,1,0,0,0,0,0,0,1,0,0,0,0,0,1,0,0,0,1,0,0,1,0
33,95,2,22,3,3,2,2,750,15480,6146,0,13,3,1,80,1,8,2,4,7,7,0,7,0,1,0,1,0,0,0,1,0,0,0,0,0,0,0,1,0,1,0,0,0,0,1,0,0,0,1,0
36,78,4,18,1,3,2,4,217,23238,7779,2,20,4,1,80,0,18,0,3,11,9,0,9,0,1,0,0,1,0,1,0,0,0,0,0,1,0,0,0,0,1,0,0,0,1,0,0,0,0,1,0
36,36,3,13,3,3,1,2,1041,25527,2143,4,13,3,2,80,1,8,2,3,5,2,0,4,0,1,0,1,0,1,0,0,0,1,0,0,0,0,0,0,0,0,0,1,1,0,0,0,0,0,1,0
29,41,1,1,4,3,2,3,1496,26283,4319,1,13,3,1,80,1,10,1,3,10,7,0,9,0,1,0,1,0,0,1,0,0,0,0,0,1,0,0,0,0,1,0,0,0,0,0,0,0,1,1,0
26,61,1,25,3,3,1,3,1355,8916,2942,1,23,4,4,80,1,8,3,3,8,7,5,7,1,0,0,1,0,1,0,0,0,1,0,0,0,0,0,0,0,0,0,1,0,1,0,0,0,0,1,0
43,37,3,7,4,4,1,4,1344,5228,2089,4,14,3,4,80,3,7,3,4,5,4,2,2,0,1,1,0,0,0,1,0,0,0,0,0,0,0,1,0,0,1,0,0,0,0,0,1,0,0,1,0
34,31,3,14,3,3,1,3,204,2912,2579,1,18,3,4,80,2,8,3,3,8,2,0,6,1,0,1,0,0,0,0,1,0,0,0,0,0,0,0,0,1,0,0,1,0,0,0,0,0,1,0,1
47,87,4,2,3,3,2,2,543,3536,4978,7,11,3,4,80,1,4,3,1,1,0,0,0,0,1,0,1,0,0,0,1,0,0,0,0,0,0,0,1,0,1,0,0,0,0,1,0,0,0,1,0
45,79,2,20,3,3,4,4,1385,7501,13496,0,14,3,2,80,0,21,2,3,20,7,4,10,0,1,0,1,0,0,1,0,1,0,0,0,0,0,0,0,0,0,0,1,0,0,0,1,0,0,0,1
47,82,4,2,1,3,4,3,359,26703,17169,3,19,3,2,80,2,26,2,4,20,17,5,6,1,0,0,1,0,0,1,0,0,0,0,0,0,1,0,0,0,0,0,1,0,0,0,1,0,0,1,0
32,82,4,2,3,2,2,2,414,26186,9907,7,12,3,3,80,0,7,3,2,2,2,2,2,0,1,0,0,1,0,0,1,0,0,0,0,0,0,0,1,0,0,0,1,0,0,1,0,0,0,0,1
53,39,3,2,4,4,4,2,447,19764,16598,4,12,3,2,80,0,35,2,2,9,8,8,8,0,1,0,0,1,0,1,0,0,0,0,0,0,1,0,0,0,0,0,1,0,0,0,1,0,0,1,0
34,86,3,2,3,3,2,1,131,6039,4538,0,12,3,4,80,0,4,3,3,3,2,0,2,1,0,0,0,1,0,0,1,0,0,0,0,0,0,0,1,0,0,0,1,0,0,1,0,0,0,0,1
39,32,2,18,1,3,2,3,524,13352,4534,0,11,3,1,80,0,9,6,3,8,7,1,7,0,1,0,0,1,0,1,0,0,0,0,0,1,0,0,0,0,0,0,1,0,1,0,0,0,0,1,0
28,43,3,4,2,3,2,3,120,8863,4221,1,15,3,2,80,0,5,3,4,5,4,0,4,0,1,0,1,0,0,0,1,0,0,0,0,0,0,0,1,0,1,0,0,0,0,0,1,0,0,1,0
48,58,3,22,4,3,4,4,117,2437,17174,3,11,3,2,80,1,24,3,3,22,17,4,7,1,0,1,0,0,0,1,0,0,0,0,1,0,0,0,0,0,0,1,0,0,0,0,1,0,0,1,0
37,51,3,6,3,4,2,1,1319,17001,5974,4,13,3,1,80,2,13,2,3,7,7,6,7,0,1,1,0,0,0,1,0,0,0,0,0,0,0,1,0,0,0,0,1,0,0,0,1,0,0,0,1
22,34,1,3,2,3,2,3,617,10022,4171,0,19,3,1,80,1,4,3,4,3,2,0,2,1,0,0,1,0,0,1,0,0,0,0,0,1,0,0,0,0,0,0,1,0,1,0,0,0,0,0,1
46,51,3,2,1,3,4,3,1009,2288,17861,6,13,3,3,80,0,26,2,1,3,2,0,1,0,1,0,1,0,0,1,0,0,0,0,0,0,1,0,0,0,0,0,1,0,1,0,0,0,0,1,0
46,34,4,13,3,3,2,2,717,9697,5562,6,14,3,4,80,0,19,3,3,10,7,0,9,0,1,0,0,1,0,1,0,1,0,0,0,0,0,0,0,0,0,0,1,0,1,0,0,0,0,1,0
47,42,4,14,4,3,2,1,703,11825,4960,2,12,3,4,80,0,20,2,3,7,7,1,7,0,1,0,0,1,0,0,1,0,0,0,0,0,0,0,1,0,0,0,1,0,0,1,0,0,0,1,0
24,59,3,10,1,3,1,4,897,2097,2145,0,14,3,4,80,1,3,2,3,2,2,2,1,0,1,0,1,0,1,0,0,0,1,0,0,0,0,0,0,0,0,1,0,0,0,0,1,0,0,1,0
42,83,3,6,3,3,3,1,1396,14842,13348,9,13,3,2,80,1,18,3,4,13,7,5,7,0,1,0,1,0,0,1,0,0,0,0,0,0,1,0,0,0,0,0,1,0,0,0,1,0,0,1,0
44,86,1,2,2,3,3,3,1193,19719,10209,5,18,3,2,80,0,16,2,2,2,2,2,2,0,1,0,0,1,0,1,0,0,0,0,0,1,0,0,0,0,0,1,0,0,0,0,1,0,0,0,1
44,42,3,1,2,3,1,4,1037,13422,2436,6,12,3,3,80,0,6,2,3,4,3,1,2,0,1,0,0,1,0,1,0,0,0,0,0,0,0,1,0,0,0,0,1,0,0,0,1,0,0,0,1
54,54,3,1,4,3,4,4,971,5652,17328,6,19,3,4,80,0,29,3,2,20,7,12,7,1,0,0,0,1,0,1,0,0,0,0,0,0,1,0,0,0,0,0,1,0,0,0,1,0,0,1,0
45,56,3,4,3,1,3,3,176,6595,9756,4,21,4,3,80,2,9,2,4,5,0,0,3,1,0,0,1,0,1,0,0,0,1,0,0,0,0,0,0,0,0,0,1,0,1,0,0,0,0,1,0
27,50,3,3,4,3,1,4,443,16571,1706,1,11,3,3,80,3,0,6,2,0,0,0,0,0,1,0,1,0,0,1,0,0,0,0,0,0,0,1,0,0,1,0,0,0,0,0,1,0,0,1,0
30,40,3,4,3,3,1,4,464,3427,2285,9,23,4,3,80,0,3,4,3,1,0,0,0,0,1,0,0,1,0,1,0,0,0,0,0,0,0,1,0,0,0,1,0,0,0,0,0,0,1,0,1
27,37,4,16,3,3,1,2,1134,12086,2811,9,14,3,2,80,1,4,2,3,2,2,2,2,1,0,0,1,0,0,1,0,0,0,1,0,0,0,0,0,0,0,0,1,0,0,0,0,0,1,1,0
29,97,3,1,1,3,1,4,1010,5598,3760,1,15,3,1,80,3,3,5,3,3,2,1,2,1,0,1,0,0,0,1,0,0,0,0,0,0,0,1,0,0,0,0,1,0,1,0,0,0,0,1,0
26,88,2,5,3,2,1,3,887,20898,2366,1,14,3,1,80,1,8,2,3,8,7,1,7,1,0,0,1,0,0,1,0,0,0,0,0,0,0,1,0,0,0,1,0,0,0,0,1,0,0,0,1
36,79,2,3,4,4,2,1,1040,26308,6842,6,20,4,1,80,1,13,3,3,5,4,0,4,0,1,1,0,0,0,1,0,1,0,0,0,0,0,0,0,0,0,0,1,0,1,0,0,0,0,1,0
29,30,5,9,2,2,1,4,738,7621,3983,0,17,3,3,80,0,4,2,3,3,2,2,2,0,1,0,0,1,0,1,0,0,0,1,0,0,0,0,0,0,0,0,1,0,0,0,0,1,0,1,0
33,69,3,16,1,3,2,1,118,26507,5324,5,15,3,3,80,0,6,3,3,3,2,0,2,1,0,0,0,1,0,0,1,0,0,0,0,0,0,0,1,0,0,0,1,0,0,1,0,0,0,1,0
54,56,3,17,3,3,3,3,1441,13943,10739,8,11,3,3,80,1,22,2,3,10,7,0,8,1,0,0,1,0,0,1,0,0,0,0,0,1,0,0,0,0,0,0,1,0,0,0,0,0,1,1,0
31,46,4,13,2,3,2,1,1365,11512,4233,2,17,3,3,80,0,9,2,1,3,1,1,2,0,1,1,0,0,0,0,1,0,0,0,0,0,0,0,1,0,0,0,1,0,0,0,1,0,0,1,0
40,62,2,24,1,3,2,4,1300,24447,3319,1,17,3,1,80,2,9,3,3,9,8,4,7,0,1,1,0,0,0,1,0,0,0,0,0,0,0,1,0,0,0,0,1,0,0,0,0,0,1,1,0
47,98,4,26,4,3,5,3,1176,5220,19658,3,11,3,3,80,1,27,2,3,5,2,1,0,1,0,0,1,0,1,0,0,0,0,0,1,0,0,0,0,0,0,0,1,0,1,0,0,0,0,1,0
30,78,4,2,4,2,1,1,1312,26427,4968,0,16,3,4,80,0,10,2,3,9,7,0,7,1,0,0,0,1,0,1,0,0,0,0,0,0,0,1,0,0,0,1,0,0,0,0,0,0,1,1,0
31,31,1,26,1,3,1,3,670,15170,2911,1,17,3,4,80,1,5,1,2,5,2,4,3,0,1,1,0,0,0,1,0,0,0,0,0,0,0,1,0,0,0,0,1,0,1,0,0,0,0,1,0
38,50,5,29,4,3,2,4,653,5456,2406,1,11,3,4,80,0,10,2,3,10,3,9,9,1,0,0,0,1,0,1,0,0,0,1,0,0,0,0,0,0,0,1,0,0,1,0,0,0,0,1,0
35,62,4,5,3,3,3,2,1296,18264,8095,0,13,3,4,80,0,17,5,3,16,6,0,13,0,1,0,0,1,0,1,0,0,0,0,0,1,0,0,0,0,0,0,1,0,0,0,0,0,1,1,0
56,68,3,23,4,3,4,2,1369,18235,13402,4,12,3,1,80,1,33,0,3,19,16,15,9,0,1,0,1,0,0,1,0,0,0,0,0,1,0,0,0,0,0,0,1,0,1,0,0,0,0,0,1
37,41,4,4,1,3,1,4,319,2539,2793,4,17,3,3,80,1,13,2,3,9,8,5,8,0,1,1,0,0,0,0,1,0,0,0,0,0,0,0,0,1,0,1,0,0,0,1,0,0,0,1,0
34,72,4,23,2,3,2,3,1065,10034,4568,0,20,4,3,80,0,10,2,3,9,5,8,7,0,1,0,0,1,0,0,1,0,0,0,0,0,0,0,1,0,1,0,0,0,0,1,0,0,0,1,0
41,57,4,2,2,1,1,4,1085,17725,2778,4,13,3,3,80,1,10,1,2,7,7,1,0,1,0,1,0,0,0,1,0,0,0,1,0,0,0,0,0,0,0,0,1,0,1,0,0,0,0,0,1
40,83,4,1,1,3,1,4,543,4060,2406,8,19,3,3,80,2,8,3,2,1,0,0,0,0,1,0,1,0,0,1,0,0,0,1,0,0,0,0,0,0,0,0,1,0,1,0,0,0,0,1,0
50,66,2,1,4,3,4,4,1126,6615,17399,9,22,4,3,80,1,32,1,2,5,4,1,3,0,1,1,0,0,0,1,0,0,0,0,0,0,1,0,0,0,0,0,1,0,0,0,1,0,0,1,0
39,71,2,25,3,3,3,3,1485,3449,10920,3,21,4,2,80,1,13,2,3,6,4,0,5,0,1,0,1,0,0,1,0,1,0,0,0,0,0,0,0,0,1,0,0,0,1,0,0,0,0,1,0
21,70,1,1,4,2,1,2,984,25326,2070,1,11,3,3,80,0,2,6,4,2,2,2,2,1,0,0,0,1,0,1,0,0,0,0,0,0,0,1,0,0,0,0,1,0,0,0,0,0,1,0,1
38,100,3,2,1,3,1,2,1336,7129,2592,5,13,3,4,80,3,13,3,3,11,10,3,8,0,1,1,0,0,1,0,0,0,1,0,0,0,0,0,0,0,1,0,0,1,0,0,0,0,0,1,0
39,65,1,10,3,3,3,3,1253,7914,13464,7,21,4,3,80,0,9,3,3,4,3,2,2,0,1,0,0,1,0,1,0,0,0,0,0,0,1,0,0,0,0,0,1,0,0,0,1,0,0,1,0
34,75,1,3,4,2,2,4,735,16495,8103,3,12,3,3,80,0,9,3,2,4,2,0,1,1,0,0,1,0,0,0,1,0,0,0,0,0,0,0,1,0,0,0,1,0,0,0,1,0,0,0,1
39,93,3,23,3,3,1,1,360,22154,3904,0,13,3,1,80,0,6,2,3,5,2,0,3,0,1,0,0,1,0,1,0,0,0,0,0,0,0,1,0,0,0,0,1,0,0,0,1,0,0,1,0
32,47,2,5,1,4,1,3,238,15318,2432,3,14,3,1,80,0,8,2,3,4,1,0,3,1,0,0,0,1,0,1,0,0,0,0,0,0,0,1,0,0,0,1,0,0,1,0,0,0,0,0,1
33,90,3,2,3,3,1,4,134,10515,2500,0,14,3,1,80,0,4,2,4,3,1,0,2,0,1,0,0,1,0,1,0,0,0,0,0,0,0,1,0,0,0,0,1,0,1,0,0,0,0,1,0
38,46,4,7,4,2,2,4,243,7791,4028,0,20,4,1,80,0,8,2,3,7,7,0,5,1,0,0,0,1,0,0,1,0,0,0,0,0,0,0,1,0,0,0,1,0,0,1,0,0,0,1,0
45,55,3,29,2,3,3,4,1448,14720,9380,4,18,3,4,80,2,10,4,4,3,1,1,2,0,1,0,1,0,0,1,0,0,0,0,0,1,0,0,0,0,0,0,1,0,0,0,0,0,1,0,1
39,81,3,4,1,3,2,3,711,3140,5042,0,13,3,4,80,0,10,2,1,9,2,3,8,1,0,0,0,1,0,1,0,0,0,0,0,1,0,0,0,0,0,1,0,0,0,0,1,0,0,1,0
56,67,3,8,3,3,1,1,713,13939,4257,4,18,3,3,80,1,19,3,3,2,2,2,2,1,0,1,0,0,0,1,0,0,0,0,0,0,0,1,0,0,0,0,1,0,1,0,0,0,0,0,1
46,87,3,18,3,3,2,3,1485,26314,4810,2,14,3,3,80,1,19,5,2,10,7,0,8,1,0,1,0,0,0,1,0,0,0,0,0,1,0,0,0,0,0,0,1,0,0,0,1,0,0,1,0
33,98,2,1,1,3,3,4,515,15146,13458,1,12,3,3,80,0,15,1,3,15,14,8,12,1,0,0,0,1,0,1,0,0,0,0,0,0,1,0,0,0,0,1,0,0,1,0,0,0,0,0,1
53,45,2,2,3,3,4,3,1376,13938,14852,6,13,3,3,80,1,22,3,4,17,13,15,2,0,1,1,0,0,0,0,1,0,0,0,1,0,0,0,0,0,0,0,1,0,0,0,1,0,0,1,0
30,43,3,2,3,1,2,4,317,24793,6091,2,20,4,3,80,0,11,2,3,5,4,0,2,1,0,0,0,1,0,1,0,0,0,0,0,1,0,0,0,0,0,0,1,0,1,0,0,0,0,1,0
47,42,5,5,4,3,5,3,1482,16375,18300,4,11,3,2,80,1,21,2,3,3,2,1,1,0,1,0,1,0,0,1,0,0,0,0,0,0,1,0,0,0,0,0,1,0,1,0,0,0,0,1,0
25,57,3,8,4,4,2,2,810,15678,4851,0,22,4,3,80,1,4,4,3,3,2,1,2,0,1,0,1,0,0,0,1,0,0,0,0,0,0,0,1,0,0,0,1,0,1,0,0,0,0,1,0
28,51,3,24,3,3,1,2,329,7324,2408,1,17,3,3,80,3,1,3,3,1,1,0,0,0,1,0,1,0,0,1,0,0,0,1,0,0,0,0,0,0,0,0,1,0,0,0,1,0,0,0,1
35,50,2,23,2,2,2,3,556,15497,5916,3,13,3,1,80,0,8,1,3,1,0,0,1,0,1,0,1,0,0,1,0,0,0,0,0,1,0,0,0,0,0,0,1,0,1,0,0,0,0,0,1
43,72,3,28,2,4,1,3,957,16090,4739,4,12,3,4,80,0,18,2,3,3,2,1,2,1,0,0,0,1,0,1,0,0,0,0,0,0,0,1,0,0,0,1,0,0,0,0,1,0,0,1,0
43,43,3,7,3,3,3,1,1001,9262,9985,8,16,3,1,80,1,10,1,2,1,0,0,0,1,0,0,1,0,0,1,0,1,0,0,0,0,0,0,0,0,0,0,1,0,1,0,0,0,0,1,0
46,66,2,21,4,3,2,2,261,10842,8926,4,22,4,4,80,1,13,2,4,9,7,3,7,1,0,0,1,0,0,1,0,1,0,0,0,0,0,0,0,0,0,0,1,0,0,0,1,0,0,1,0
22,60,3,5,4,4,1,2,1136,12392,2328,1,16,3,1,80,1,4,2,2,4,2,2,2,0,1,1,0,0,0,1,0,0,0,0,0,0,0,1,0,0,0,0,1,0,1,0,0,0,0,0,1
42,45,4,4,2,3,2,1,647,2253,5155,7,13,3,4,80,0,9,3,4,6,4,1,5,0,1,0,0,1,0,0,1,0,0,0,0,0,0,0,1,0,0,0,1,0,0,1,0,0,0,1,0
34,66,3,3,4,3,2,2,1130,19332,5433,1,12,3,3,80,1,11,2,3,11,8,7,9,1,0,1,0,0,0,1,0,0,0,0,0,0,0,1,0,0,0,0,1,0,1,0,0,0,0,1,0
48,51,4,20,4,3,1,3,1469,5543,2259,4,17,3,1,80,2,13,2,2,0,0,0,0,0,1,0,1,0,0,1,0,0,0,0,0,0,0,1,0,0,0,0,1,0,0,0,1,0,0,1,0
34,92,4,10,4,2,2,3,653,15332,5063,1,14,3,2,80,1,8,3,2,8,2,7,7,0,1,0,1,0,0,1,0,1,0,0,0,0,0,0,0,0,0,1,0,0,0,0,0,0,1,1,0
55,70,2,1,1,3,3,4,111,18092,10239,3,14,3,4,80,1,24,4,3,1,0,1,0,0,1,0,1,0,0,0,1,0,0,0,0,0,0,0,1,0,0,0,1,0,1,0,0,0,0,1,0
47,84,3,25,1,3,3,3,1180,13084,8633,2,23,4,2,80,0,25,3,3,17,14,12,11,0,1,0,0,1,0,1,0,1,0,0,0,0,0,0,0,0,0,0,1,0,0,0,1,0,0,1,0
52,41,4,19,4,3,1,4,715,26589,4258,0,18,3,1,80,1,5,3,3,4,3,1,2,0,1,0,1,0,0,1,0,0,0,0,0,0,0,1,0,0,1,0,0,0,0,0,1,0,0,1,0
20,54,1,9,4,3,1,1,727,21082,2728,1,11,3,1,80,0,2,3,3,2,2,0,2,0,1,0,0,1,0,0,1,0,0,0,0,0,0,0,0,1,0,0,1,0,1,0,0,0,0,1,0
35,51,1,21,4,3,2,4,1137,19170,4014,1,25,4,4,80,1,10,2,1,10,6,0,7,1,0,0,1,0,0,1,0,1,0,0,0,0,0,0,0,0,0,0,1,0,1,0,0,0,0,0,1
44,41,4,10,4,3,2,4,1459,19121,6465,2,13,3,4,80,0,9,5,4,4,2,1,3,0,1,0,1,0,0,1,0,1,0,0,0,0,0,0,0,0,0,0,1,0,0,0,0,1,0,0,1
23,58,3,4,1,4,1,1,885,8544,2819,2,16,3,1,80,1,5,3,4,3,2,0,2,0,1,0,1,0,0,1,0,0,0,0,0,0,0,1,0,0,0,0,1,0,0,0,1,0,0,1,0
38,99,3,10,2,1,3,3,201,3376,13206,3,12,3,1,80,1,20,3,3,18,16,1,11,1,0,0,1,0,0,1,0,0,0,0,0,0,1,0,0,0,0,0,1,0,0,0,1,0,0,1,0
45,95,3,20,2,1,3,1,1038,19863,10851,2,18,3,2,80,1,24,2,3,7,7,0,7,0,1,1,0,0,0,1,0,1,0,0,0,0,0,0,0,0,0,0,1,0,0,0,1,0,0,0,1
32,34,2,1,1,1,2,2,964,12147,6735,6,15,3,2,80,0,10,2,3,0,0,0,0,0,1,0,0,1,0,0,1,0,0,0,0,0,0,0,1,0,0,0,1,0,1,0,0,0,0,1,0
40,68,2,22,3,2,2,3,575,6110,6380,2,12,3,1,80,2,8,6,3,6,4,1,0,0,1,0,1,0,0,0,1,0,0,0,0,0,0,0,1,0,0,0,1,0,0,1,0,0,0,0,1
35,94,4,17,3,3,2,1,1361,21026,8966,3,15,3,4,80,3,15,2,3,7,7,1,7,0,1,0,1,0,0,0,1,0,0,0,0,0,0,0,1,0,0,0,1,0,1,0,0,0,0,0,1
53,86,3,6,4,3,2,4,346,10919,2450,2,17,3,4,80,0,19,4,3,2,2,2,2,0,1,0,0,1,0,1,0,0,0,1,0,0,0,0,0,0,0,0,1,0,1,0,0,0,0,1,0
32,56,3,8,3,4,2,4,604,11693,6209,1,15,3,3,80,2,10,4,4,10,7,0,8,0,1,0,1,0,0,0,1,0,0,0,0,0,0,0,1,0,0,0,1,0,0,0,1,0,0,1,0
34,95,3,28,4,2,2,3,704,8978,6712,1,21,4,4,80,2,8,2,3,8,7,1,7,1,0,0,1,0,0,0,1,0,0,0,0,0,0,0,1,0,0,0,1,0,0,1,0,0,0,1,0
27,51,3,17,3,3,1,2,1157,13364,3058,0,16,3,4,80,1,6,3,2,5,2,1,1,0,1,0,1,0,0,1,0,0,0,0,0,0,0,1,0,0,0,0,1,0,0,0,0,0,1,0,1
42,74,2,9,1,3,1,4,748,16458,3673,1,13,3,3,80,0,12,3,3,12,9,5,8,1,0,0,0,1,0,1,0,0,0,1,0,0,0,0,0,0,0,1,0,0,0,0,1,0,0,1,0
28,42,2,1,3,2,2,4,783,19255,6834,1,12,3,3,80,1,7,2,3,7,7,0,7,0,1,0,1,0,0,0,1,0,0,0,0,0,0,0,1,0,0,1,0,0,1,0,0,0,0,0,1
45,60,3,9,2,3,2,2,194,10901,2348,8,18,3,3,80,1,20,2,1,17,9,0,15,0,1,1,0,0,0,1,0,0,0,1,0,0,0,0,0,0,0,0,1,0,1,0,0,0,0,1,0
40,99,2,2,3,3,1,1,616,25605,3377,4,17,3,4,80,1,7,5,2,4,3,0,2,1,0,0,1,0,0,1,0,0,0,1,0,0,0,0,0,0,0,0,1,0,1,0,0,0,0,1,0
52,54,4,8,3,3,1,1,258,17363,2950,9,13,3,3,80,0,12,2,1,5,4,0,4,1,0,0,1,0,0,1,0,0,0,1,0,0,0,0,0,0,0,0,1,0,0,0,0,1,0,1,0
18,97,3,1,4,3,1,4,1124,19305,1611,1,15,3,3,80,0,0,5,4,0,0,0,0,1,0,0,0,1,0,1,0,0,0,1,0,0,0,0,0,0,1,0,0,0,1,0,0,0,0,1,0
35,60,3,1,4,2,2,4,817,10846,5363,0,12,3,2,80,1,10,0,3,9,7,0,0,1,0,0,1,0,0,1,0,0,0,1,0,0,0,0,0,0,0,0,1,0,0,0,1,0,0,1,0
46,60,4,2,4,3,2,4,150,17433,7379,2,11,3,3,80,1,12,3,2,6,3,1,4,0,1,1,0,0,0,1,0,0,0,0,0,1,0,0,0,0,0,0,1,0,0,0,0,0,1,1,0
42,56,3,2,4,2,1,1,269,8007,2593,0,11,3,3,80,1,10,4,3,9,6,7,8,1,0,1,0,0,0,1,0,0,0,1,0,0,0,0,0,0,0,0,1,0,0,0,1,0,0,0,1
34,88,2,3,3,3,1,4,829,2243,3737,0,19,3,3,80,1,4,1,1,3,2,0,2,0,1,0,1,0,1,0,0,0,1,0,0,0,0,0,0,0,0,0,1,1,0,0,0,0,0,1,0
42,93,2,9,4,2,5,4,1059,26362,19613,8,22,4,4,80,0,24,2,3,1,0,0,1,0,1,0,0,1,0,1,0,0,0,0,1,0,0,0,0,0,0,0,1,0,0,0,0,1,0,1,0
53,73,3,8,1,3,4,4,868,22789,11836,5,14,3,3,80,1,28,3,3,2,0,2,2,0,1,0,1,0,0,0,1,0,0,0,0,0,0,0,1,0,0,0,1,0,0,1,0,0,0,1,0
30,41,3,5,2,3,3,4,1339,8053,9419,2,12,3,3,80,1,12,2,3,10,9,7,4,1,0,0,1,0,0,0,1,0,0,0,0,0,0,0,1,0,0,0,1,0,1,0,0,0,0,1,0
54,42,4,8,3,3,2,3,548,23428,3780,7,11,3,3,80,0,19,3,3,1,0,0,0,1,0,0,0,1,0,1,0,0,0,1,0,0,0,0,0,0,0,0,1,0,1,0,0,0,0,1,0
31,61,4,8,3,3,2,4,746,20682,4424,1,23,4,4,80,0,11,2,3,11,7,1,8,1,0,0,0,1,0,1,0,0,0,0,0,1,0,0,0,0,0,0,1,0,1,0,0,0,0,1,0
29,59,3,7,4,3,1,1,592,19384,2062,3,14,3,2,80,0,11,2,3,3,2,1,2,0,1,0,0,1,0,1,0,0,0,1,0,0,0,0,0,0,0,0,1,0,1,0,0,0,0,1,0
31,74,3,5,2,3,2,1,325,3787,9936,0,19,3,2,80,0,10,2,3,9,4,1,7,0,1,0,0,1,0,1,0,0,0,0,0,1,0,0,0,0,1,0,0,0,0,0,1,0,0,1,0
31,80,2,11,3,3,2,1,1332,17089,6833,1,12,3,4,80,0,6,2,2,6,5,0,1,0,1,0,1,0,0,1,0,1,0,0,0,0,0,0,0,0,0,0,1,0,0,0,1,0,0,0,1
33,36,2,7,4,3,2,3,1303,18079,5968,1,20,4,3,80,3,9,2,3,9,7,2,8,0,1,1,0,0,0,1,0,1,0,0,0,0,0,0,0,0,0,1,0,0,1,0,0,0,0,1,0
20,84,3,4,1,3,1,1,129,13008,2973,1,19,3,2,80,0,1,2,3,1,0,0,0,0,1,0,0,1,0,1,0,0,0,1,0,0,0,0,0,0,0,0,1,0,0,0,0,0,1,1,0
49,58,4,18,4,2,5,3,1245,2125,19502,1,17,3,3,80,1,31,5,3,31,9,0,9,0,1,1,0,0,0,1,0,0,0,0,0,0,1,0,0,0,0,0,1,0,1,0,0,0,0,0,1
49,31,3,7,2,2,3,3,1261,12066,10965,8,24,4,3,80,0,26,2,3,5,2,0,0,0,1,0,0,1,0,1,0,1,0,0,0,0,0,0,0,0,0,0,1,0,0,0,0,1,0,1,0
55,62,4,18,3,3,2,2,135,12992,6385,3,14,3,4,80,2,17,3,3,8,7,6,7,0,1,0,1,0,0,1,0,1,0,0,0,0,0,0,0,0,0,1,0,0,0,0,1,0,0,0,1
24,52,1,18,2,3,1,3,1127,13257,2774,0,12,3,3,80,1,6,2,3,5,3,1,2,0,1,0,1,0,0,1,0,0,0,1,0,0,0,0,0,0,0,0,1,0,1,0,0,0,0,1,0
58,53,4,7,3,2,3,1,601,12023,10008,7,14,3,4,80,0,31,0,2,10,9,5,9,1,0,0,1,0,0,1,0,0,0,0,0,1,0,0,0,0,0,0,1,0,0,0,1,0,0,0,1
33,34,3,5,4,2,3,4,654,21214,7119,4,15,3,3,80,1,9,2,3,3,2,1,2,0,1,1,0,0,0,1,0,1,0,0,0,0,0,0,0,0,0,0,1,0,1,0,0,0,0,1,0
37,84,2,5,3,4,1,3,1413,25470,3500,0,14,3,1,80,0,7,2,1,6,5,1,3,0,1,0,0,1,0,1,0,0,0,1,0,0,0,0,0,0,1,0,0,0,0,0,0,0,1,1,0
37,65,3,21,2,4,1,1,290,22977,3564,1,12,3,1,80,1,8,3,2,8,7,1,7,0,1,0,1,0,0,1,0,0,0,0,0,0,0,1,0,0,0,0,1,0,1,0,0,0,0,0,1
24,42,1,4,4,3,2,3,1476,15211,4162,1,12,3,3,80,2,5,3,3,5,4,0,3,1,0,0,1,0,0,0,1,0,0,0,0,0,0,0,1,0,0,0,1,0,0,0,1,0,0,0,1
58,32,4,1,4,1,2,3,390,17056,5660,2,13,3,4,80,1,12,2,3,5,3,1,2,0,1,1,0,0,0,1,0,1,0,0,0,0,0,0,0,0,1,0,0,0,1,0,0,0,0,0,1
32,72,1,16,2,1,1,1,1125,4681,3919,1,22,4,2,80,0,10,5,3,10,2,6,7,1,0,0,0,1,0,1,0,0,0,0,0,0,0,1,0,0,0,1,0,0,1,0,0,0,0,0,1
20,54,3,9,4,3,1,4,769,17205,2323,1,14,3,2,80,0,2,3,3,2,2,0,2,1,0,0,0,1,0,0,1,0,0,0,0,0,0,0,0,1,0,1,0,0,0,1,0,0,0,0,1
43,92,2,26,3,3,4,4,394,19494,16959,1,12,3,4,80,2,25,3,4,25,12,4,12,0,1,0,1,0,0,0,1,0,0,0,1,0,0,0,0,0,0,1,0,0,1,0,0,0,0,0,1
33,43,4,10,2,3,2,3,217,10410,5487,1,14,3,2,80,0,10,2,2,10,4,0,9,0,1,0,0,1,0,0,1,0,0,0,0,0,0,0,1,0,0,0,1,0,0,1,0,0,0,1,0
33,74,3,16,1,3,3,1,211,10092,8564,2,20,4,3,80,0,11,2,2,0,0,0,0,1,0,0,0,1,0,0,1,0,0,0,0,0,0,0,1,0,0,0,1,0,1,0,0,0,0,0,1
32,91,3,7,4,2,2,3,906,16985,5484,1,14,3,3,80,1,13,3,2,13,8,4,8,0,1,0,1,0,0,0,1,0,0,0,0,0,0,0,1,0,0,0,1,0,1,0,0,0,0,1,0
54,87,4,11,2,3,4,4,1050,24456,16032,3,20,4,1,80,1,26,2,3,14,9,1,12,1,0,1,0,0,0,1,0,0,0,0,1,0,0,0,0,0,0,1,0,0,0,0,1,0,0,1,0
31,98,2,1,4,2,1,1,329,16193,2218,1,12,3,3,80,1,4,3,3,4,2,3,2,0,1,0,1,0,0,1,0,0,0,1,0,0,0,0,0,0,0,0,1,0,1,0,0,0,0,1,0
31,90,3,2,3,2,1,4,703,11882,2785,7,14,3,3,80,0,3,3,4,1,0,0,0,1,0,0,0,1,0,0,1,0,0,0,0,0,0,0,0,1,0,1,0,0,1,0,0,0,0,1,0
42,68,3,2,3,2,1,2,1210,24052,4841,4,14,3,2,80,1,4,3,3,1,0,0,0,0,1,0,1,0,0,1,0,0,0,1,0,0,0,0,0,0,0,0,1,0,0,0,1,0,0,1,0
42,77,4,12,2,3,2,4,419,2900,5087,3,12,3,3,80,2,14,4,3,0,0,0,0,0,1,1,0,0,0,0,1,0,0,0,0,0,0,0,1,0,0,0,1,0,0,1,0,0,0,0,1
55,33,3,8,4,3,4,3,836,19730,14756,2,14,3,3,80,3,21,2,3,5,0,0,2,1,0,1,0,0,0,1,0,0,0,0,1,0,0,0,0,0,0,0,1,0,0,0,1,0,0,0,1
33,82,4,4,1,2,1,2,1099,8192,3838,8,11,3,4,80,0,8,5,3,5,4,0,2,1,0,0,1,0,0,1,0,0,0,1,0,0,0,0,0,0,0,0,1,0,0,0,1,0,0,1,0
30,48,3,22,1,3,1,3,138,11539,2132,4,11,3,2,80,0,7,2,3,5,2,0,1,1,0,0,1,0,0,1,0,0,0,0,0,0,0,1,0,0,0,0,1,0,1,0,0,0,0,0,1
56,86,3,6,3,4,4,1,906,18256,13212,9,11,3,4,80,3,36,0,2,7,7,7,7,1,0,0,1,0,0,0,1,0,0,0,0,0,0,0,1,0,0,1,0,0,1,0,0,0,0,1,0
41,55,1,7,2,1,5,3,247,20284,19973,1,22,4,2,80,2,21,3,3,21,16,5,10,1,0,1,0,0,0,1,0,0,0,0,0,0,1,0,0,0,1,0,0,0,1,0,0,0,0,1,0
25,41,3,28,1,2,2,3,959,24835,8639,2,18,3,4,80,0,6,3,3,2,2,2,2,0,1,0,1,0,0,0,1,0,0,0,0,0,0,0,1,0,0,0,1,0,1,0,0,0,0,1,0
31,31,2,8,1,3,3,4,326,8386,10793,1,18,3,1,80,1,13,5,3,13,7,9,9,0,1,1,0,0,0,0,1,0,0,0,0,0,0,0,1,0,0,0,1,0,1,0,0,0,0,1,0
55,94,3,22,1,2,1,2,1441,23737,3537,5,12,3,4,80,1,8,1,3,4,2,1,2,0,1,1,0,0,0,1,0,0,0,0,0,0,0,1,0,0,0,0,1,0,0,0,0,0,1,1,0
47,77,2,27,2,4,2,3,719,10339,6397,4,12,3,4,80,0,8,2,3,5,4,1,3,1,0,0,0,1,0,0,1,0,0,0,0,0,0,0,1,0,0,1,0,0,1,0,0,0,0,0,1
52,79,4,2,1,2,5,3,771,21030,19068,1,18,3,4,80,0,33,2,4,33,7,15,12,0,1,0,0,1,0,0,1,0,0,0,1,0,0,0,0,0,1,0,0,0,1,0,0,0,0,0,1
52,64,3,5,2,3,3,2,1030,21534,8446,9,19,3,3,80,0,10,2,2,8,7,7,7,0,1,0,0,1,0,0,1,0,0,0,0,0,0,0,1,0,0,0,1,0,1,0,0,0,0,0,1
33,47,4,4,3,2,1,2,147,13248,2622,6,21,4,4,80,0,7,3,3,3,2,1,1,1,0,0,1,0,0,1,0,0,0,0,0,0,0,1,0,0,0,0,1,0,0,0,1,0,0,1,0
27,82,2,1,4,3,1,2,1469,17881,3816,1,11,3,2,80,1,5,2,3,5,2,0,4,0,1,1,0,0,0,1,0,0,0,1,0,0,0,0,0,0,0,0,1,0,0,0,1,0,0,1,0
35,91,3,16,4,2,3,2,1029,21195,8606,1,19,3,4,80,0,11,3,1,11,8,3,3,1,0,0,0,1,0,1,0,1,0,0,0,0,0,0,0,0,0,0,1,0,1,0,0,0,0,1,0
19,50,1,22,4,3,1,3,528,26820,1675,1,19,3,4,80,0,0,2,2,0,0,0,0,0,1,0,0,1,0,0,1,0,0,0,0,0,0,0,0,1,0,0,1,0,0,1,0,0,0,0,1
36,97,2,4,4,3,2,2,688,9192,5131,7,13,3,2,80,3,18,3,3,4,2,0,2,1,0,1,0,0,0,1,0,0,0,0,0,1,0,0,0,0,0,1,0,0,1,0,0,0,0,1,0
45,97,3,28,4,3,1,4,950,4585,2132,4,20,4,4,80,1,8,3,3,5,4,0,3,0,1,0,1,0,0,1,0,0,0,0,0,0,0,1,0,0,0,0,1,0,0,0,0,0,1,1,0
34,66,3,7,1,1,2,3,658,22887,6074,1,24,4,4,80,0,9,3,3,9,7,0,6,0,1,0,0,1,0,1,0,0,0,1,0,0,0,0,0,0,0,1,0,0,1,0,0,0,0,0,1
29,89,3,1,1,3,2,1,136,6225,5373,0,12,3,1,80,1,6,5,2,5,3,0,2,0,1,0,1,0,0,1,0,1,0,0,0,0,0,0,0,0,0,0,1,0,1,0,0,0,0,1,0
34,72,4,1,2,4,1,4,182,13551,3280,2,16,3,3,80,0,10,2,3,4,2,1,3,1,0,0,0,1,0,1,0,0,0,0,0,0,0,1,0,0,0,0,1,0,1,0,0,0,0,1,0
41,81,1,4,3,3,3,3,796,26458,10447,0,13,3,4,80,1,23,3,4,22,14,13,5,1,0,1,0,0,0,0,1,0,0,0,0,0,0,0,1,0,0,0,1,0,0,1,0,0,0,0,1
31,69,4,2,2,3,1,3,741,18103,3477,1,14,3,4,80,1,6,2,4,5,2,0,3,0,1,0,1,0,0,1,0,0,0,1,0,0,0,0,0,0,0,0,1,0,1,0,0,0,0,1,0
41,42,2,7,4,3,2,3,549,23371,5003,6,14,3,2,80,0,8,6,3,2,2,2,1,1,0,0,0,1,0,1,0,0,0,0,0,1,0,0,0,0,0,0,1,0,0,0,1,0,0,1,0
49,41,1,6,3,2,4,3,465,11652,13966,2,19,3,2,80,1,30,3,3,15,11,2,12,1,0,0,1,0,0,1,0,1,0,0,0,0,0,0,0,0,0,0,1,0,1,0,0,0,0,0,1
32,35,2,9,4,1,2,4,689,22812,4668,0,17,3,4,80,3,9,2,4,8,7,0,7,0,1,1,0,0,0,0,1,0,0,0,0,0,0,0,1,0,0,1,0,0,0,0,1,0,0,1,0
43,92,4,2,1,3,2,4,1422,19246,5675,1,20,4,3,80,1,7,5,3,7,7,7,7,0,1,0,1,0,0,0,1,0,0,0,0,0,0,0,1,0,0,1,0,0,1,0,0,0,0,1,0
40,73,3,7,1,3,1,1,1329,3339,2166,3,14,3,2,80,0,10,3,1,4,2,0,3,0,1,0,0,1,0,1,0,0,0,1,0,0,0,0,0,0,0,0,1,0,1,0,0,0,0,0,1
28,98,4,5,1,3,2,4,821,24252,4908,1,14,3,2,80,0,4,3,3,4,2,0,2,0,1,0,0,1,0,0,1,0,0,0,0,0,0,0,1,0,0,0,1,0,0,0,1,0,0,1,0
36,35,3,1,3,3,2,2,676,23361,5228,0,15,3,1,80,1,10,2,3,9,7,0,5,1,0,0,1,0,0,1,0,0,0,0,0,1,0,0,0,0,0,0,1,0,0,0,0,1,0,1,0
44,62,4,8,1,4,1,4,986,5044,2818,2,24,4,3,80,1,10,2,2,3,2,0,2,0,1,0,1,0,0,1,0,0,0,1,0,0,0,0,0,0,0,0,1,0,1,0,0,0,0,0,1
36,77,3,7,1,3,1,2,311,10950,2013,2,11,3,3,80,0,15,4,3,4,3,1,3,0,1,0,0,1,0,1,0,0,0,1,0,0,0,0,0,0,0,0,1,0,1,0,0,0,0,1,0
28,93,3,3,4,3,3,2,950,8039,7655,0,17,3,2,80,3,10,3,2,9,7,1,7,1,0,1,0,0,0,1,0,0,0,0,0,1,0,0,0,0,0,0,1,0,0,0,1,0,0,1,0
21,90,3,12,3,4,1,2,156,25422,2716,1,15,3,4,80,0,1,0,3,1,0,0,0,1,0,0,0,1,0,0,1,0,0,0,0,0,0,0,0,1,0,0,1,0,1,0,0,0,0,1,0
30,66,3,8,3,2,1,4,600,9732,2180,6,11,3,3,80,1,6,0,2,4,2,1,2,1,0,1,0,0,1,0,0,0,1,0,0,0,0,0,0,0,0,1,0,1,0,0,0,0,0,1,0
26,38,3,8,4,2,2,1,1146,3064,5326,6,17,3,3,80,0,6,2,2,4,3,1,2,0,1,0,0,1,0,0,1,0,0,0,0,0,0,0,1,0,0,0,1,0,0,0,0,0,1,1,0
40,63,5,9,4,2,2,4,1151,14242,4876,9,14,3,4,80,1,5,5,1,3,2,0,2,0,1,0,1,0,0,1,0,1,0,0,0,0,0,0,0,0,1,0,0,0,1,0,0,0,0,1,0
24,46,1,4,1,2,1,4,1269,10778,3162,0,17,3,4,80,0,6,2,2,5,2,3,4,0,1,0,1,0,0,1,0,0,0,1,0,0,0,0,0,0,1,0,0,0,1,0,0,0,0,1,0
35,30,3,1,2,2,1,3,1214,26278,2859,1,18,3,1,80,0,6,3,3,6,4,0,4,0,1,0,0,1,0,1,0,0,0,0,0,0,0,1,0,0,0,0,1,0,0,0,1,0,0,1,0
37,78,4,7,4,3,2,1,783,13588,4284,5,22,4,3,80,1,16,2,3,5,3,0,4,0,1,0,1,0,0,1,0,0,0,0,0,0,0,1,0,0,0,0,1,0,0,0,1,0,0,0,1
26,60,2,11,1,3,2,1,496,22722,4741,1,13,3,3,80,1,5,3,3,5,3,3,3,0,1,0,1,0,0,1,0,1,0,0,0,0,0,0,0,0,0,1,0,0,0,0,1,0,0,0,1
46,64,2,9,3,2,3,4,669,13596,9619,1,16,3,4,80,0,9,3,3,9,8,4,7,0,1,0,0,1,0,0,1,0,0,0,0,0,0,0,1,0,0,0,1,0,0,0,1,0,0,1,0
28,84,3,5,4,3,2,1,866,23490,8463,0,18,3,4,80,0,6,4,3,5,4,1,3,0,1,0,0,1,0,0,1,0,0,0,0,0,0,0,1,0,0,0,1,0,0,0,1,0,0,1,0
29,39,3,7,2,3,1,3,806,17285,3339,3,13,3,1,80,2,10,2,3,7,7,7,7,1,0,1,0,0,0,1,0,0,0,1,0,0,0,0,0,0,0,0,1,0,0,0,0,0,1,0,1
36,37,4,4,1,2,2,4,172,22604,5810,1,16,3,3,80,0,10,2,2,10,4,1,8,0,1,0,0,1,0,1,0,0,0,1,0,0,0,0,0,0,0,0,1,0,1,0,0,0,0,1,0
30,83,2,9,4,2,1,3,125,16117,2206,1,13,3,1,80,0,10,5,3,10,0,1,8,0,1,0,0,1,0,1,0,0,0,1,0,0,0,0,0,0,0,0,1,0,0,0,1,0,0,1,0
29,76,4,1,2,1,1,4,806,18959,2720,1,18,3,4,80,1,10,5,3,10,7,2,8,0,1,1,0,0,0,1,0,0,0,0,0,0,0,1,0,0,0,1,0,0,1,0,0,0,0,1,0
29,93,1,29,4,1,2,3,726,21143,6384,8,17,3,4,80,2,11,3,3,7,0,1,6,0,1,1,0,0,0,1,0,1,0,0,0,0,0,0,0,0,0,0,1,0,1,0,0,0,0,1,0
34,87,4,10,3,3,1,3,1333,18410,2220,1,19,3,4,80,1,1,2,3,1,1,0,0,1,0,0,1,0,0,0,1,0,0,0,0,0,0,0,0,1,0,0,1,0,1,0,0,0,0,0,1
32,98,3,4,3,2,2,3,859,19124,6162,1,12,3,3,80,1,14,3,3,14,13,6,8,1,0,0,1,0,0,1,0,0,0,0,0,1,0,0,0,0,0,0,1,0,1,0,0,0,0,1,0
42,52,1,2,3,3,1,3,544,24017,2696,0,11,3,3,80,1,4,5,3,3,2,1,0,0,1,1,0,0,1,0,0,0,1,0,0,0,0,0,0,0,0,0,1,0,0,0,0,0,1,0,1
30,76,2,1,4,3,1,2,911,4077,3748,1,13,3,3,80,0,12,6,2,12,8,1,7,0,1,0,1,0,0,1,0,0,0,1,0,0,0,0,0,0,0,0,1,0,0,0,1,0,0,1,0
48,37,5,2,2,3,2,4,163,19658,4051,2,14,3,1,80,1,14,2,3,9,7,6,7,1,0,0,1,0,0,0,1,0,0,0,0,0,0,0,1,0,0,0,1,0,0,1,0,0,0,1,0
38,45,3,2,4,3,1,4,371,4306,3944,5,11,3,3,80,0,6,3,3,3,2,1,2,0,1,0,0,1,0,1,0,0,0,0,0,0,0,1,0,0,0,0,1,0,1,0,0,0,0,0,1
32,84,1,2,4,2,2,1,128,19737,2176,4,13,3,4,80,0,9,5,3,6,2,0,4,0,1,0,0,1,0,1,0,0,0,1,0,0,0,0,0,0,0,0,1,0,0,0,0,0,1,1,0
35,96,3,16,3,3,3,2,1232,5100,8020,0,15,3,3,80,2,12,3,2,11,9,6,9,0,1,0,1,0,0,0,1,0,0,0,0,0,0,0,1,0,0,0,1,0,0,1,0,0,0,1,0
44,44,3,1,3,3,1,4,528,4167,3195,4,18,3,1,80,3,8,2,3,2,2,2,2,1,0,1,0,0,1,0,0,0,1,0,0,0,0,0,0,0,0,0,1,0,1,0,0,0,0,0,1
57,93,2,1,2,4,2,3,405,2721,4900,0,24,4,1,80,1,13,2,2,12,9,2,8,0,1,0,1,0,0,1,0,0,0,0,0,0,0,1,0,0,0,0,1,0,1,0,0,0,0,1,0
34,97,4,2,4,4,1,4,181,5586,2932,0,14,3,1,80,3,6,3,3,5,0,1,2,0,1,0,1,0,0,1,0,0,0,0,0,0,0,1,0,0,0,0,1,0,0,0,1,0,0,0,1
49,43,3,11,3,3,3,4,1184,5860,7654,1,18,3,1,80,2,9,3,4,9,8,7,7,1,0,0,1,0,0,0,1,0,0,0,0,0,0,0,1,0,0,0,1,0,0,1,0,0,0,1,0
38,79,3,6,2,1,2,4,573,15717,5329,7,12,3,4,80,3,17,3,3,13,11,1,9,1,0,1,0,0,0,1,0,0,0,0,0,0,0,1,0,0,1,0,0,0,0,0,1,0,0,0,1
40,46,1,4,4,3,5,3,989,6499,19033,1,14,3,2,80,1,21,2,3,20,8,9,9,1,0,0,1,0,0,1,0,0,0,0,1,0,0,0,0,0,0,0,1,0,0,0,1,0,0,1,0
53,50,2,7,4,3,5,3,1223,18640,18606,3,18,3,2,80,1,26,6,3,7,7,4,7,1,0,1,0,0,0,1,0,0,0,0,1,0,0,0,0,0,0,0,1,0,0,0,1,0,0,1,0
29,54,3,23,4,3,1,4,1283,18168,2201,9,16,3,4,80,0,6,4,3,3,2,1,2,0,1,0,0,1,0,1,0,0,0,0,0,0,0,1,0,0,0,0,1,0,1,0,0,0,0,1,0
44,99,2,1,3,3,1,2,429,11092,2342,1,12,3,3,80,3,6,2,2,5,3,2,3,0,1,1,0,0,0,1,0,0,0,0,0,0,0,1,0,0,0,1,0,0,0,0,1,0,0,0,1
33,61,1,5,2,3,2,4,1111,19293,9998,6,13,3,1,80,0,8,2,4,5,4,1,2,0,1,0,1,0,0,0,1,0,0,0,0,0,0,0,1,0,0,1,0,0,1,0,0,0,0,1,0
44,42,4,7,1,2,3,4,477,2094,10248,3,14,3,4,80,1,24,4,3,22,6,5,17,1,0,0,1,0,0,1,0,1,0,0,0,0,0,0,0,0,0,0,1,0,0,0,1,0,0,1,0
33,44,3,25,4,2,2,2,575,24152,4320,1,13,3,4,80,0,5,2,3,5,3,0,2,0,1,0,0,1,0,1,0,0,0,0,0,1,0,0,0,0,0,0,1,0,1,0,0,0,0,1,0
27,58,3,22,1,2,1,2,1337,19555,2863,1,12,3,1,80,0,1,2,3,1,0,0,0,1,0,0,1,0,1,0,0,0,1,0,0,0,0,0,0,0,0,1,0,1,0,0,0,0,0,1,0
29,43,3,5,1,2,2,2,991,3356,4187,1,13,3,2,80,1,10,3,2,10,0,0,9,0,1,1,0,0,0,0,1,0,0,0,0,0,0,0,1,0,0,0,1,0,0,0,1,0,0,0,1
18,73,2,5,2,3,1,4,287,13493,1051,1,15,3,4,80,0,0,2,3,0,0,0,0,0,1,0,0,1,0,1,0,0,0,0,0,0,0,1,0,0,1,0,0,0,1,0,0,0,0,1,0
43,56,4,4,4,2,3,4,531,20364,10231,3,14,3,4,80,0,23,3,4,21,7,15,17,1,0,0,0,1,0,0,1,0,0,0,0,0,0,0,1,0,0,0,1,0,0,1,0,0,0,1,0
29,34,3,19,4,3,2,4,232,22645,4262,4,12,3,2,80,2,8,2,4,3,2,1,2,0,1,1,0,0,0,1,0,0,0,0,0,1,0,0,0,0,0,0,1,0,0,0,0,0,1,1,0
32,93,4,3,3,3,2,1,498,13554,6725,1,12,3,3,80,1,8,2,4,8,7,6,3,1,0,0,1,0,0,1,0,0,0,0,0,1,0,0,0,0,0,0,1,0,0,0,1,0,0,1,0
50,39,3,28,4,2,3,1,410,16586,10854,4,13,3,2,80,1,20,3,3,3,2,2,0,0,1,1,0,0,0,0,1,0,0,0,0,0,0,0,1,0,0,0,1,0,0,1,0,0,0,0,1
31,54,3,1,4,3,1,2,1060,8319,2302,1,11,3,1,80,0,3,2,4,3,2,2,2,1,0,0,0,1,0,0,1,0,0,0,0,0,0,0,0,1,0,1,0,0,1,0,0,0,0,0,1
40,52,3,1,3,3,2,4,1194,9060,6513,4,17,3,4,80,1,12,3,3,5,3,0,3,1,0,1,0,0,0,1,0,1,0,0,0,0,0,0,0,0,0,0,1,0,1,0,0,0,0,1,0
30,99,3,2,3,2,2,4,288,15830,4152,1,19,3,1,80,3,11,3,3,11,10,10,8,0,1,0,1,0,0,1,0,1,0,0,0,0,0,0,0,0,0,0,1,0,1,0,0,0,0,1,0
31,76,4,6,2,1,2,3,249,20739,6172,4,18,3,2,80,0,12,3,2,7,7,7,7,0,1,0,1,0,0,0,1,0,0,0,0,0,0,0,1,0,0,0,1,0,1,0,0,0,0,0,1
35,51,4,10,1,3,2,3,670,4223,6142,3,16,3,3,80,0,10,4,3,5,2,0,4,1,0,0,0,1,0,1,0,1,0,0,0,0,0,0,0,0,0,0,1,0,0,0,1,0,0,0,1
34,42,5,1,2,3,1,4,1397,7660,2691,1,12,3,4,80,1,10,4,2,10,9,8,8,0,1,0,1,0,0,1,0,0,0,0,0,0,0,1,0,0,0,0,1,0,1,0,0,0,0,1,0
28,55,3,1,3,1,2,4,1476,16392,6674,0,11,3,1,80,3,10,6,3,9,8,7,5,1,0,0,1,0,0,1,0,0,0,1,0,0,0,0,0,0,1,0,0,0,1,0,0,0,0,1,0
40,81,4,9,3,3,2,3,663,23099,3975,3,11,3,3,80,2,11,2,4,8,7,0,7,0,1,1,0,0,0,1,0,0,0,1,0,0,0,0,0,0,1,0,0,0,0,0,0,1,0,1,0
46,56,4,1,4,4,4,1,563,3156,17567,1,15,3,2,80,0,27,5,1,26,0,0,12,0,1,0,0,1,0,0,1,0,0,0,1,0,0,0,0,0,0,0,1,0,1,0,0,0,0,1,0
26,57,3,1,3,3,2,3,933,20156,5296,1,17,3,2,80,1,8,3,3,8,7,7,7,0,1,0,1,0,0,0,1,0,0,0,0,0,0,0,1,0,0,0,1,0,1,0,0,0,0,1,0
30,94,2,15,3,2,3,1,979,3088,7140,2,11,3,1,80,1,12,2,3,7,7,1,7,0,1,1,0,0,0,0,1,0,0,0,0,0,0,0,1,0,0,0,1,0,0,1,0,0,0,1,0
35,39,4,14,3,2,1,2,622,10074,3743,1,24,4,4,80,1,5,2,1,4,2,0,2,0,1,1,0,0,0,1,0,0,0,1,0,0,0,0,0,0,0,0,1,0,0,0,0,1,0,0,1
32,41,3,9,1,3,1,1,1033,10224,4200,7,22,4,1,80,0,10,2,4,5,4,0,4,1,0,0,0,1,0,1,0,0,0,1,0,0,0,0,0,0,0,0,1,0,0,0,1,0,0,1,0
30,85,3,20,3,3,2,1,1176,9096,9957,0,15,3,3,80,1,7,1,2,6,2,0,2,0,1,0,1,0,0,1,0,0,0,0,0,1,0,0,0,0,0,0,1,0,0,0,0,1,0,1,0
34,92,2,8,2,4,2,3,810,22128,6799,1,21,4,3,80,2,10,5,3,10,8,4,8,0,1,0,1,0,0,0,1,0,0,0,0,0,0,0,1,0,0,0,1,0,0,0,0,0,1,1,0
35,80,3,1,1,3,2,3,195,6698,4859,1,16,3,4,80,0,5,3,3,5,4,0,3,1,0,0,0,1,0,0,1,0,0,0,0,0,0,0,1,0,0,0,1,0,0,0,1,0,0,1,0
40,92,2,2,2,3,2,2,444,4258,5677,3,14,3,3,80,1,15,4,3,11,8,5,10,1,0,0,1,0,0,0,1,0,0,0,0,0,0,0,1,0,0,0,1,0,0,1,0,0,0,1,0
34,40,4,24,1,2,2,2,790,7815,4599,0,23,4,3,80,0,16,2,4,15,9,10,10,1,0,0,0,1,0,0,1,0,0,0,0,0,0,0,1,0,0,0,1,0,0,0,1,0,0,0,1
38,71,2,9,2,3,1,4,1206,14293,4771,2,19,3,4,80,2,10,0,4,5,2,0,3,0,1,1,0,0,0,1,0,0,0,0,0,0,0,1,0,0,0,0,1,0,1,0,0,0,0,1,0
30,95,4,17,2,3,3,1,634,25927,11916,1,23,4,4,80,2,9,2,3,9,1,0,8,1,0,0,1,0,0,1,0,0,0,0,1,0,0,0,0,0,0,0,1,0,0,0,1,0,0,0,1
46,94,3,10,3,2,3,4,1125,11563,9071,2,19,3,3,80,1,15,3,3,3,2,1,2,1,0,0,1,0,0,0,1,0,0,0,0,0,0,0,1,0,0,0,1,0,0,1,0,0,0,0,1
51,81,4,8,2,2,3,2,1469,15736,12490,5,16,3,4,80,2,16,5,1,10,9,4,7,0,1,0,1,0,0,1,0,0,0,0,0,0,1,0,0,0,0,0,1,0,1,0,0,0,0,1,0
23,79,1,10,1,4,1,3,310,19630,3505,1,18,3,4,80,0,2,3,3,2,2,0,2,0,1,0,0,1,0,1,0,0,0,0,0,0,0,1,0,0,0,0,1,0,0,0,1,0,0,1,0
55,61,4,14,3,4,5,2,692,13339,18722,8,11,3,4,80,0,36,3,3,24,15,2,15,0,1,0,0,1,0,1,0,0,0,0,0,0,1,0,0,0,0,0,1,0,0,0,1,0,0,1,0
46,74,3,2,3,3,3,4,1277,5596,10368,4,12,3,2,80,1,13,5,2,10,6,0,3,0,1,1,0,0,0,0,1,0,0,0,0,0,0,0,1,0,0,0,1,0,1,0,0,0,0,0,1
30,75,3,18,1,3,1,3,438,23910,2632,1,14,3,3,80,0,5,4,2,5,4,0,4,1,0,0,0,1,0,1,0,0,0,0,0,0,0,1,0,0,0,0,1,0,1,0,0,0,0,1,0
58,87,4,15,1,3,4,3,1216,21624,15787,2,14,3,2,80,0,23,3,3,2,2,2,2,0,1,0,1,0,0,1,0,0,0,0,0,0,1,0,0,0,0,1,0,0,1,0,0,0,0,0,1
51,53,3,3,1,3,3,3,942,22984,13116,2,11,3,4,80,0,15,2,3,2,2,2,2,1,0,0,1,0,0,1,0,0,0,0,1,0,0,0,0,0,0,0,1,0,0,0,0,0,1,1,0
42,97,2,5,2,3,1,3,1474,9260,2093,4,17,3,4,80,1,8,4,3,2,2,2,0,0,1,0,1,0,0,1,0,0,0,1,0,0,0,0,0,0,0,1,0,0,0,0,0,1,0,1,0
31,73,3,7,4,3,2,4,691,7143,7547,4,12,3,4,80,3,13,3,3,7,7,1,7,0,1,1,0,0,0,0,1,0,0,0,0,0,0,0,1,0,0,0,1,0,0,1,0,0,0,1,0
34,55,2,7,2,3,1,3,1440,4944,2308,0,25,4,2,80,1,12,4,3,11,10,5,7,0,1,0,1,0,0,0,1,0,0,0,0,0,0,0,0,1,0,0,1,0,0,0,0,0,1,0,1
60,41,3,7,1,3,5,1,422,3854,19566,5,11,3,4,80,0,33,5,1,29,8,11,10,1,0,0,1,0,0,1,0,0,0,0,1,0,0,0,0,0,0,0,1,0,1,0,0,0,0,1,0
37,94,3,11,1,3,1,3,1462,19106,3629,4,18,3,1,80,0,8,6,3,3,2,0,2,1,0,0,0,1,0,1,0,0,0,1,0,0,0,0,0,0,0,0,1,0,0,0,1,0,0,1,0
35,71,4,18,2,3,2,1,682,15975,5561,0,16,3,4,80,1,6,2,1,5,3,0,4,0,1,0,1,0,0,0,1,0,0,0,0,0,0,0,1,0,0,0,1,0,0,0,1,0,0,1,0
46,30,4,7,3,3,2,3,1144,16044,5258,2,14,3,3,80,0,7,2,4,1,0,0,0,1,0,0,1,0,0,1,0,0,0,0,0,1,0,0,0,0,1,0,0,0,0,0,1,0,0,1,0
23,99,3,7,3,3,1,4,427,25103,2275,1,21,4,2,80,1,3,2,3,3,2,0,2,0,1,1,0,0,0,0,1,0,0,0,0,0,0,0,0,1,0,0,1,0,1,0,0,0,0,0,1
38,31,2,2,2,3,2,1,1009,19461,6893,3,15,3,4,80,1,11,3,3,7,7,1,7,1,0,1,0,0,0,0,1,0,0,0,0,0,0,0,1,0,0,0,1,0,1,0,0,0,0,1,0
22,94,1,8,2,1,1,1,217,6881,2451,1,15,3,1,80,1,4,3,2,4,3,1,1,0,1,0,1,0,0,1,0,0,0,1,0,0,0,0,0,0,0,0,1,0,1,0,0,0,0,1,0
36,73,4,2,4,3,2,2,430,19573,6962,4,22,4,4,80,1,15,2,3,1,0,0,0,1,0,0,1,0,0,1,0,0,0,0,0,0,0,1,0,0,0,0,1,0,0,0,0,1,0,0,1
39,83,3,20,3,3,2,4,766,19188,4127,2,18,3,4,80,1,7,6,3,2,1,2,2,0,1,1,0,0,0,0,1,0,0,0,0,0,0,0,1,0,0,1,0,0,1,0,0,0,0,1,0
